date,time,datetime,A_price,AAPL_price,FB_price,GOOG_price,MSFT_price
2017-11-17,15:35:00,2017-11-17 15:35,68.67,170.36,179.83,1047.8,82.745
2017-11-17,15:40:00,2017-11-17 15:40,68.59,170.06,179.53,1045.5,82.86
2017-11-17,15:45:00,2017-11-17 15:45,68.62,170.25,179.62,1047.62,82.77
2017-11-17,15:50:00,2017-11-17 15:50,68.58,169.97,179.71,1047.075,82.74
2017-11-17,15:55:00,2017-11-17 15:55,68.55,170.1432,179.794,1046.43,82.585
2017-11-17,16:00:00,2017-11-17 16:00,68.48,170.09,179.87,1046.83,82.61
2017-11-17,16:05:00,2017-11-17 16:05,68.32,170.02,179.79,1045.72,82.72
2017-11-17,16:10:00,2017-11-17 16:10,68.365,170.2503,179.72,1044.75,82.85
2017-11-17,16:15:00,2017-11-17 16:15,68.375,170.35,179.595,1045.25,82.74
2017-11-17,16:20:00,2017-11-17 16:20,68.55,170.506,179.51,1045.16,82.72
2017-11-17,16:25:00,2017-11-17 16:25,68.57,170.4159,179.4202,1045.49,82.69
2017-11-17,16:30:00,2017-11-17 16:30,68.62,170.56,179.35,1044.32,82.53
2017-11-17,16:35:00,2017-11-17 16:35,68.655,170.55,179.42,1043.3788,82.485
2017-11-17,16:40:00,2017-11-17 16:40,68.68,170.7599,179.4097,1044.6,82.44
2017-11-17,16:45:00,2017-11-17 16:45,68.68,171.14,179.6888,1045.44,82.5
2017-11-17,16:50:00,2017-11-17 16:50,68.72,170.9893,179.693,1045.71,82.3999
2017-11-17,16:55:00,2017-11-17 16:55,68.795,170.91,179.78,1046.04,82.45
2017-11-17,17:00:00,2017-11-17 17:00,68.84,170.8815,179.92,1045.9861,82.42
2017-11-17,17:05:00,2017-11-17 17:05,68.83,170.75,179.85,1046.3201,82.49
2017-11-17,17:10:00,2017-11-17 17:10,68.68,170.54,179.6438,1045.45,82.38
2017-11-17,17:15:00,2017-11-17 17:15,68.695,170.51,179.61,1044.74,82.415
2017-11-17,17:20:00,2017-11-17 17:20,68.825,170.74,179.74,1046.032,82.48
2017-11-17,17:25:00,2017-11-17 17:25,68.9,170.56,179.835,1045.45,82.48
2017-11-17,17:30:00,2017-11-17 17:30,68.88,170.69,179.8386,1045.86,82.52
2017-11-17,17:35:00,2017-11-17 17:35,68.955,170.792,179.84,1045.53,82.53
2017-11-17,17:40:00,2017-11-17 17:40,68.96,170.69,179.86,1044.945,82.47
2017-11-17,17:45:00,2017-11-17 17:45,69.03,170.77,179.8894,1044.855,82.485
2017-11-17,17:50:00,2017-11-17 17:50,68.95,170.846,179.79,1044.64,82.36
2017-11-17,17:55:00,2017-11-17 17:55,68.88,170.7487,179.7,1044.2225,82.48
2017-11-17,18:00:00,2017-11-17 18:00,68.93,170.74,179.77,1043.685,82.502
2017-11-17,18:05:00,2017-11-17 18:05,68.99,170.58,179.63,1042.78,82.45
2017-11-17,18:10:00,2017-11-17 18:10,69.01,170.5497,179.69,1042.75,82.4
2017-11-17,18:15:00,2017-11-17 18:15,69.04,170.72,179.8598,1044.47,82.5
2017-11-17,18:20:00,2017-11-17 18:20,68.989,170.65,179.78,1044.26,82.495
2017-11-17,18:25:00,2017-11-17 18:25,69.01,170.63,179.82,1044.75,82.5
2017-11-17,18:30:00,2017-11-17 18:30,69.07,170.6599,179.86,1044.4,82.495
2017-11-17,18:35:00,2017-11-17 18:35,69.04,170.61,179.835,1044.275,82.4847
2017-11-17,18:40:00,2017-11-17 18:40,69.09,170.65,179.84,1044.3544,82.51
2017-11-17,18:45:00,2017-11-17 18:45,69.05,170.6662,179.77,1043.58,82.5
2017-11-17,18:50:00,2017-11-17 18:50,69.035,170.481,179.657,1042.89,82.465
2017-11-17,18:55:00,2017-11-17 18:55,68.9814,170.43,179.5395,1042.44,82.4258
2017-11-17,19:00:00,2017-11-17 19:00,69.04,170.5858,179.5169,1042.94,82.43
2017-11-17,19:05:00,2017-11-17 19:05,69.05,170.5784,179.6461,1042.7273,82.42
2017-11-17,19:10:00,2017-11-17 19:10,68.98,170.355,179.6088,1042.55,82.405
2017-11-17,19:15:00,2017-11-17 19:15,69.02,170.5,179.6399,1042.93,82.399
2017-11-17,19:20:00,2017-11-17 19:20,68.96,170.37,179.58,1042.68,82.36
2017-11-17,19:25:00,2017-11-17 19:25,68.92,170.42,179.58,1042.6005,82.36
2017-11-17,19:30:00,2017-11-17 19:30,68.96,170.4699,179.6544,1042.12,82.37
2017-11-17,19:35:00,2017-11-17 19:35,69.02,170.47,179.543,1042.45,82.4
2017-11-17,19:40:00,2017-11-17 19:40,68.985,170.53,179.685,1042.2,82.4
2017-11-17,19:45:00,2017-11-17 19:45,68.97,170.51,179.67,1041.6,82.4
2017-11-17,19:50:00,2017-11-17 19:50,68.96,170.479,179.673,1041.27,82.405
2017-11-17,19:55:00,2017-11-17 19:55,69.01,170.4,179.72,1040.14,82.445
2017-11-17,20:00:00,2017-11-17 20:00,69,170.3793,179.65,1038.84,82.45
2017-11-17,20:05:00,2017-11-17 20:05,69.01,170.37,179.615,1039.11,82.405
2017-11-17,20:10:00,2017-11-17 20:10,69.045,170.2799,179.78,1039.25,82.4
2017-11-17,20:15:00,2017-11-17 20:15,68.94,170.118,179.7621,1039.09,82.42
2017-11-17,20:20:00,2017-11-17 20:20,68.93,170.1552,179.785,1039.29,82.45
2017-11-17,20:25:00,2017-11-17 20:25,68.88,170.154,179.725,1039.29,82.4158
2017-11-17,20:30:00,2017-11-17 20:30,68.88,170.2499,179.66,1039.15,82.405
2017-11-17,20:35:00,2017-11-17 20:35,68.91,170.29,179.65,1039.04,82.395
2017-11-17,20:40:00,2017-11-17 20:40,68.91,170.3378,179.52,1037.9599,82.39
2017-11-17,20:45:00,2017-11-17 20:45,68.93,170.35,179.5295,1035.02,82.41
2017-11-17,20:50:00,2017-11-17 20:50,68.89,170.33,179.51,1036.7,82.4
2017-11-17,20:55:00,2017-11-17 20:55,68.93,170.21,179.48,1035.57,82.45
2017-11-17,21:00:00,2017-11-17 21:00,68.88,170.2,179.43,1036.0219,82.43
2017-11-17,21:05:00,2017-11-17 21:05,68.87,170.15,179.36,1035.68,82.41
2017-11-17,21:10:00,2017-11-17 21:10,68.875,170.1646,179.345,1036.802,82.4
2017-11-17,21:15:00,2017-11-17 21:15,68.855,170.07,179.4,1036.82,82.4
2017-11-17,21:20:00,2017-11-17 21:20,68.8,170.11,179.31,1036.22,82.405
2017-11-17,21:25:00,2017-11-17 21:25,68.74,170.2,179.235,1035.69,82.395
2017-11-17,21:30:00,2017-11-17 21:30,68.8,170.24,179.175,1037.48,82.365
2017-11-17,21:35:00,2017-11-17 21:35,68.79,170.1657,179.145,1037.45,82.4
2017-11-17,21:40:00,2017-11-17 21:40,68.815,170.205,179.24,1036.36,82.3943
2017-11-17,21:45:00,2017-11-17 21:45,68.77,169.79,178.99,1034.2075,82.38
2017-11-17,21:50:00,2017-11-17 21:50,68.81,169.67,179.1375,1034.51,82.42
2017-11-17,21:55:00,2017-11-17 21:55,68.85,169.9848,179.18,1034.53,82.525
2017-11-17,22:00:00,2017-11-17 22:00,68.79,170.15,179,1035.67,82.4
2017-11-20,15:35:00,2017-11-20 15:35,69.22,169.94,178.725,1034.44,82.5391
2017-11-20,15:40:00,2017-11-20 15:40,69.11,170.48,179.13,1036.845,82.44
2017-11-20,15:45:00,2017-11-20 15:45,69.0741,170.415,179,1035.89,82.4
2017-11-20,15:50:00,2017-11-20 15:50,69.0824,170.29,179.36,1037.4,82.44
2017-11-20,15:55:00,2017-11-20 15:55,69.05,170.0414,179.44,1036,82.33
2017-11-20,16:00:00,2017-11-20 16:00,69.22,170.17,179.165,1037.13,82.42
2017-11-20,16:05:00,2017-11-20 16:05,69.42,170.27,179.46,1037.65,82.3401
2017-11-20,16:10:00,2017-11-20 16:10,69.11,170.24,179.39,1036.56,82.29
2017-11-20,16:15:00,2017-11-20 16:15,69.16,170.21,179.2454,1036.99,82.39
2017-11-20,16:20:00,2017-11-20 16:20,69.37,170.1768,179.32,1037.37,82.48
2017-11-20,16:25:00,2017-11-20 16:25,69.36,170.0256,179.28,1037,82.505
2017-11-20,16:30:00,2017-11-20 16:30,69.19,169.7364,179.09,1035.7153,82.4699
2017-11-20,16:35:00,2017-11-20 16:35,69.39,169.986,179.17,1036.12,82.47
2017-11-20,16:40:00,2017-11-20 16:40,69.44,169.96,179.1899,1034.91,82.465
2017-11-20,16:45:00,2017-11-20 16:45,69.38,169.9386,179.0995,1033.905,82.39
2017-11-20,16:50:00,2017-11-20 16:50,69.46,169.985,179.04,1033.36,82.54
2017-11-20,16:55:00,2017-11-20 16:55,69.55,170.12,179.11,1033.74,82.495
2017-11-20,17:00:00,2017-11-20 17:00,69.565,170.07,179.05,1033.04,82.5
2017-11-20,17:05:00,2017-11-20 17:05,69.59,170.05,179.025,1034.33,82.53
2017-11-20,17:10:00,2017-11-20 17:10,69.58,169.94,178.97,1033.43,82.54
2017-11-20,17:15:00,2017-11-20 17:15,69.5348,169.91,178.89,1034.36,82.495
2017-11-20,17:20:00,2017-11-20 17:20,69.48,169.8099,178.75,1033.77,82.4708
2017-11-20,17:25:00,2017-11-20 17:25,69.48,169.84,178.98,1033.755,82.5
2017-11-20,17:30:00,2017-11-20 17:30,69.5499,169.7099,178.81,1033.5107,82.51
2017-11-20,17:35:00,2017-11-20 17:35,69.515,169.77,178.91,1033.18,82.505
2017-11-20,17:40:00,2017-11-20 17:40,69.59,169.73,178.91,1033.25,82.49
2017-11-20,17:45:00,2017-11-20 17:45,69.615,169.6,178.88,1033.58,82.4327
2017-11-20,17:50:00,2017-11-20 17:50,69.56,169.8,178.9212,1034,82.42
2017-11-20,17:55:00,2017-11-20 17:55,69.66,169.79,178.98,1035.05,82.4899
2017-11-20,18:00:00,2017-11-20 18:00,69.67,169.9459,178.9132,1035.17,82.4949
2017-11-20,18:05:00,2017-11-20 18:05,69.7,169.837,178.93,1034.96,82.4999
2017-11-20,18:10:00,2017-11-20 18:10,69.68,169.8359,178.96,1035.33,82.46
2017-11-20,18:15:00,2017-11-20 18:15,69.63,169.87,178.94,1034.98,82.48
2017-11-20,18:20:00,2017-11-20 18:20,69.53,169.7753,178.8636,1034.4,82.44
2017-11-20,18:25:00,2017-11-20 18:25,69.52,169.58,178.76,1033.04,82.32
2017-11-20,18:30:00,2017-11-20 18:30,69.52,169.695,178.87,1033.34,82.42
2017-11-20,18:35:00,2017-11-20 18:35,69.51,169.795,178.87,1033.41,82.42
2017-11-20,18:40:00,2017-11-20 18:40,69.44,169.78,178.722,1033.95,82.44
2017-11-20,18:45:00,2017-11-20 18:45,69.5288,169.85,178.78,1034.475,82.48
2017-11-20,18:50:00,2017-11-20 18:50,69.55,169.86,178.74,1034.42,82.49
2017-11-20,18:55:00,2017-11-20 18:55,69.55,169.915,178.91,1034.79,82.53
2017-11-20,19:00:00,2017-11-20 19:00,69.56,169.964,178.8605,1034.445,82.51
2017-11-20,19:05:00,2017-11-20 19:05,69.53,170.01,178.79,1034.73,82.5
2017-11-20,19:10:00,2017-11-20 19:10,69.575,170.0195,178.7742,1034.8297,82.475
2017-11-20,19:15:00,2017-11-20 19:15,69.6075,170.0242,178.87,1035.23,82.425
2017-11-20,19:20:00,2017-11-20 19:20,69.57,170.1459,178.87,1035.13,82.435
2017-11-20,19:25:00,2017-11-20 19:25,69.62,170.17,178.82,1035.35,82.46
2017-11-20,19:30:00,2017-11-20 19:30,69.64,170.16,178.82,1035.63,82.49
2017-11-20,19:35:00,2017-11-20 19:35,69.57,170.0644,178.74,1034.42,82.485
2017-11-20,19:40:00,2017-11-20 19:40,69.615,170,178.69,1034.305,82.4753
2017-11-20,19:45:00,2017-11-20 19:45,69.64,170.0033,178.67,1034.69,82.48
2017-11-20,19:50:00,2017-11-20 19:50,69.78,170.06,178.7599,1035.22,82.49
2017-11-20,19:55:00,2017-11-20 19:55,69.675,169.97,178.83,1035.2,82.505
2017-11-20,20:00:00,2017-11-20 20:00,69.8,170.01,178.86,1035.74,82.49
2017-11-20,20:05:00,2017-11-20 20:05,69.76,169.955,178.84,1035.17,82.5101
2017-11-20,20:10:00,2017-11-20 20:10,69.78,169.985,178.88,1035.7804,82.54
2017-11-20,20:15:00,2017-11-20 20:15,69.76,170.03,178.8,1036,82.4627
2017-11-20,20:20:00,2017-11-20 20:20,69.77,169.98,178.825,1035.51,82.455
2017-11-20,20:25:00,2017-11-20 20:25,69.9,169.95,178.7,1034.42,82.425
2017-11-20,20:30:00,2017-11-20 20:30,69.96,169.92,178.723,1034.79,82.435
2017-11-20,20:35:00,2017-11-20 20:35,69.98,169.94,178.7,1035.13,82.45
2017-11-20,20:40:00,2017-11-20 20:40,69.975,170,178.68,1034.89,82.43
2017-11-20,20:45:00,2017-11-20 20:45,69.98,169.99,178.7114,1034.99,82.41
2017-11-20,20:50:00,2017-11-20 20:50,69.96,170.02,178.84,1035.81,82.435
2017-11-20,20:55:00,2017-11-20 20:55,70.05,170.0242,178.8785,1035.22,82.455
2017-11-20,21:00:00,2017-11-20 21:00,70.03,170.03,178.85,1035.625,82.435
2017-11-20,21:05:00,2017-11-20 21:05,70,170.065,178.82,1036.09,82.42
2017-11-20,21:10:00,2017-11-20 21:10,70.015,170.0868,178.86,1035.78,82.44
2017-11-20,21:15:00,2017-11-20 21:15,70.01,169.9601,178.74,1035.85,82.4289
2017-11-20,21:20:00,2017-11-20 21:20,69.95,169.98,178.68,1035.4,82.41
2017-11-20,21:25:00,2017-11-20 21:25,69.98,169.98,178.56,1035.475,82.45
2017-11-20,21:30:00,2017-11-20 21:30,70,169.98,178.21,1035.44,82.44
2017-11-20,21:35:00,2017-11-20 21:35,70.0603,169.96,178.41,1035.41,82.4534
2017-11-20,21:40:00,2017-11-20 21:40,69.93,169.95,178.58,1035.69,82.4829
2017-11-20,21:45:00,2017-11-20 21:45,70,169.87,178.545,1034.3,82.5
2017-11-20,21:50:00,2017-11-20 21:50,69.93,170,178.66,1035.47,82.55
2017-11-20,21:55:00,2017-11-20 21:55,69.99,169.95,178.63,1034.8001,82.55
2017-11-20,22:00:00,2017-11-20 22:00,69.96,169.98,178.74,1034.66,82.53
2017-11-21,15:35:00,2017-11-21 15:35,69.39,171.68,179.6504,1041.68,82.99
2017-11-21,15:40:00,2017-11-21 15:40,68.47,171.93,179.66,1042.63,83.045
2017-11-21,15:45:00,2017-11-21 15:45,68.445,172.29,179.7999,1044.084,83.265
2017-11-21,15:50:00,2017-11-21 15:50,68.0648,172.5899,179.92,1044.86,83.29
2017-11-21,15:55:00,2017-11-21 15:55,67.735,172.46,180.08,1044.8122,83.325
2017-11-21,16:00:00,2017-11-21 16:00,67.95,172.85,180.37,1045.015,83.41
2017-11-21,16:05:00,2017-11-21 16:05,68.32,172.937,180.3651,1045.15,83.385
2017-11-21,16:10:00,2017-11-21 16:10,68.48,172.9899,180.44,1044.44,83.46
2017-11-21,16:15:00,2017-11-21 16:15,68.45,173.18,180.46,1044.76,83.6
2017-11-21,16:20:00,2017-11-21 16:20,68.2022,173.4,180.6501,1045.02,83.71
2017-11-21,16:25:00,2017-11-21 16:25,68.76,173.478,180.75,1043.66,83.68
2017-11-21,16:30:00,2017-11-21 16:30,68.66,173.56,180.86,1043.69,83.67
2017-11-21,16:35:00,2017-11-21 16:35,68.685,173.26,180.78,1043.3059,83.539
2017-11-21,16:40:00,2017-11-21 16:40,68.89,173.29,180.88,1043.91,83.5025
2017-11-21,16:45:00,2017-11-21 16:45,68.895,173.2716,180.9192,1044.19,83.58
2017-11-21,16:50:00,2017-11-21 16:50,69.18,173.205,181.06,1044.7073,83.595
2017-11-21,16:55:00,2017-11-21 16:55,69.27,173.11,181.06,1044.7857,83.65
2017-11-21,17:00:00,2017-11-21 17:00,69.61,173.272,181.13,1044.3528,83.74
2017-11-21,17:05:00,2017-11-21 17:05,69.38,173.32,181.23,1044.5408,83.82
2017-11-21,17:10:00,2017-11-21 17:10,69.52,173.34,181.14,1044.6,83.66
2017-11-21,17:15:00,2017-11-21 17:15,69.32,173.38,181.14,1044.42,83.675
2017-11-21,17:20:00,2017-11-21 17:20,69.295,173.2841,181.15,1044.75,83.68
2017-11-21,17:25:00,2017-11-21 17:25,69.6,173.44,181.3358,1045.16,83.64
2017-11-21,17:30:00,2017-11-21 17:30,69.8,173.4444,181.34,1045.22,83.67
2017-11-21,17:35:00,2017-11-21 17:35,69.875,173.4651,181.2,1045.49,83.705
2017-11-21,17:40:00,2017-11-21 17:40,70.05,173.491,181.28,1045.224,83.6842
2017-11-21,17:45:00,2017-11-21 17:45,70.045,173.56,181.351,1046.075,83.66
2017-11-21,17:50:00,2017-11-21 17:50,70.16,173.5,181.32,1046.36,83.655
2017-11-21,17:55:00,2017-11-21 17:55,69.94,173.53,181.36,1046.89,83.62
2017-11-21,18:00:00,2017-11-21 18:00,69.9,173.5248,181.42,1046.39,83.6436
2017-11-21,18:05:00,2017-11-21 18:05,69.73,173.5442,181.5,1046.67,83.675
2017-11-21,18:10:00,2017-11-21 18:10,69.64,173.4,181.525,1046.93,83.63
2017-11-21,18:15:00,2017-11-21 18:15,69.71,173.4999,181.5422,1046.89,83.63
2017-11-21,18:20:00,2017-11-21 18:20,69.765,173.3801,181.3548,1046.5,83.595
2017-11-21,18:25:00,2017-11-21 18:25,69.725,173.41,181.47,1046.66,83.5931
2017-11-21,18:30:00,2017-11-21 18:30,69.72,173.25,181.34,1046.53,83.6244
2017-11-21,18:35:00,2017-11-21 18:35,69.6,173.3399,181.3936,1046.79,83.61
2017-11-21,18:40:00,2017-11-21 18:40,69.405,173.28,181.42,1047.04,83.615
2017-11-21,18:45:00,2017-11-21 18:45,69.46,173.2593,181.32,1046.71,83.58
2017-11-21,18:50:00,2017-11-21 18:50,69.51,173.2096,181.3,1046.72,83.64
2017-11-21,18:55:00,2017-11-21 18:55,69.41,173.2099,181.35,1046.53,83.6101
2017-11-21,19:00:00,2017-11-21 19:00,69.47,173.17,181.34,1046.43,83.63
2017-11-21,19:05:00,2017-11-21 19:05,69.53,173.17,181.39,1046.675,83.69
2017-11-21,19:10:00,2017-11-21 19:10,69.56,172.96,181.28,1046.9,83.6454
2017-11-21,19:15:00,2017-11-21 19:15,69.67,173.06,181.38,1047.12,83.65
2017-11-21,19:20:00,2017-11-21 19:20,69.72,173.0455,181.37,1047.03,83.6
2017-11-21,19:25:00,2017-11-21 19:25,69.795,173.1581,181.515,1047.09,83.61
2017-11-21,19:30:00,2017-11-21 19:30,69.865,173.135,181.48,1046.94,83.68
2017-11-21,19:35:00,2017-11-21 19:35,69.91,173.1044,181.37,1046.81,83.65
2017-11-21,19:40:00,2017-11-21 19:40,69.76,173.14,181.45,1047.94,83.68
2017-11-21,19:45:00,2017-11-21 19:45,69.69,173.12,181.4495,1047.678,83.73
2017-11-21,19:50:00,2017-11-21 19:50,69.69,173.12,181.5299,1047.98,83.725
2017-11-21,19:55:00,2017-11-21 19:55,69.7104,173.11,181.46,1048.235,83.76
2017-11-21,20:00:00,2017-11-21 20:00,69.575,173.1131,181.48,1048.185,83.745
2017-11-21,20:05:00,2017-11-21 20:05,69.51,173.05,181.4298,1047.68,83.72
2017-11-21,20:10:00,2017-11-21 20:10,69.52,172.85,181.3175,1047.63,83.675
2017-11-21,20:15:00,2017-11-21 20:15,69.63,172.87,181.31,1047.565,83.689
2017-11-21,20:20:00,2017-11-21 20:20,69.75,172.9267,181.39,1048,83.6419
2017-11-21,20:25:00,2017-11-21 20:25,69.65,172.83,181.31,1048.295,83.655
2017-11-21,20:30:00,2017-11-21 20:30,69.675,172.8556,181.43,1049.11,83.6801
2017-11-21,20:35:00,2017-11-21 20:35,69.66,172.75,181.42,1048.89,83.67
2017-11-21,20:40:00,2017-11-21 20:40,69.7,172.905,181.6316,1049.74,83.7
2017-11-21,20:45:00,2017-11-21 20:45,69.66,172.92,181.655,1049.8,83.685
2017-11-21,20:50:00,2017-11-21 20:50,69.7733,172.9299,181.6448,1049.51,83.6651
2017-11-21,20:55:00,2017-11-21 20:55,69.96,172.98,181.63,1048.69,83.725
2017-11-21,21:00:00,2017-11-21 21:00,69.87,172.9648,181.7,1049.23,83.71
2017-11-21,21:05:00,2017-11-21 21:05,69.89,172.86,181.53,1048.92,83.71
2017-11-21,21:10:00,2017-11-21 21:10,69.86,172.86,181.56,1049.19,83.695
2017-11-21,21:15:00,2017-11-21 21:15,69.77,172.88,181.5451,1048.94,83.7267
2017-11-21,21:20:00,2017-11-21 21:20,69.825,172.75,181.46,1048.8304,83.675
2017-11-21,21:25:00,2017-11-21 21:25,69.85,172.82,181.47,1048.76,83.74
2017-11-21,21:30:00,2017-11-21 21:30,69.8,172.825,181.38,1048.96,83.705
2017-11-21,21:35:00,2017-11-21 21:35,69.86,172.874,181.44,1048.917,83.72
2017-11-21,21:40:00,2017-11-21 21:40,69.835,172.875,181.52,1048.95,83.67
2017-11-21,21:45:00,2017-11-21 21:45,69.885,173.211,181.66,1050.27,83.7
2017-11-21,21:50:00,2017-11-21 21:50,69.935,173,181.68,1049.73,83.73
2017-11-21,21:55:00,2017-11-21 21:55,69.975,172.955,181.75,1049.095,83.625
2017-11-21,22:00:00,2017-11-21 22:00,69.91,173.14,181.86,1050.3,83.72
2017-11-22,15:35:00,2017-11-22 15:35,68.66,174.2,181.41,1051.6,83.585
2017-11-22,15:40:00,2017-11-22 15:40,68.5485,173.86,180.99,1050.66,83.575
2017-11-22,15:45:00,2017-11-22 15:45,68.82,173.2295,180.98,1050.17,83.32
2017-11-22,15:50:00,2017-11-22 15:50,68.66,173.21,180.88,1048.975,83.27
2017-11-22,15:55:00,2017-11-22 15:55,68.52,173.2448,181.1812,1049.37,83.3252
2017-11-22,16:00:00,2017-11-22 16:00,68.69,173.365,181.35,1050.08,83.36
2017-11-22,16:05:00,2017-11-22 16:05,68.745,173.57,181.284,1049.21,83.35
2017-11-22,16:10:00,2017-11-22 16:10,68.69,173.8184,181.1875,1048.58,83.405
2017-11-22,16:15:00,2017-11-22 16:15,68.58,173.94,180.97,1048.97,83.355
2017-11-22,16:20:00,2017-11-22 16:20,68.55,173.76,180.91,1048.16,83.39
2017-11-22,16:25:00,2017-11-22 16:25,68.51,173.815,181.06,1047.7492,83.365
2017-11-22,16:30:00,2017-11-22 16:30,68.55,173.95,181.0388,1049.31,83.32
2017-11-22,16:35:00,2017-11-22 16:35,68.3374,173.95,181.03,1049.14,83.31
2017-11-22,16:40:00,2017-11-22 16:40,68.55,174.08,181.22,1049.5765,83.365
2017-11-22,16:45:00,2017-11-22 16:45,68.77,174.2967,181.27,1050.49,83.355
2017-11-22,16:50:00,2017-11-22 16:50,68.87,174.51,180.99,1049.425,83.35
2017-11-22,16:55:00,2017-11-22 16:55,68.72,174.46,181,1049.285,83.255
2017-11-22,17:00:00,2017-11-22 17:00,68.82,174.49,180.97,1048.64,83.275
2017-11-22,17:05:00,2017-11-22 17:05,68.84,174.78,181.0299,1048.75,83.32
2017-11-22,17:10:00,2017-11-22 17:10,68.85,174.965,181.1,1048.94,83.42
2017-11-22,17:15:00,2017-11-22 17:15,68.82,174.93,181.2,1049.13,83.39
2017-11-22,17:20:00,2017-11-22 17:20,68.85,174.85,181.19,1048.63,83.329
2017-11-22,17:25:00,2017-11-22 17:25,68.79,174.59,181.05,1048.74,83.37
2017-11-22,17:30:00,2017-11-22 17:30,68.85,174.41,180.9901,1049.09,83.395
2017-11-22,17:35:00,2017-11-22 17:35,68.98,174.4866,180.8888,1048.4,83.4
2017-11-22,17:40:00,2017-11-22 17:40,68.89,174.265,180.7445,1047.99,83.41
2017-11-22,17:45:00,2017-11-22 17:45,68.86,174.04,180.95,1048.13,83.43
2017-11-22,17:50:00,2017-11-22 17:50,68.83,173.955,180.9789,1049.02,83.405
2017-11-22,17:55:00,2017-11-22 17:55,68.8,174.22,180.909,1048.3753,83.34
2017-11-22,18:00:00,2017-11-22 18:00,68.58,174.28,180.76,1049.08,83.41
2017-11-22,18:05:00,2017-11-22 18:05,68.66,174.3359,180.81,1048.96,83.36
2017-11-22,18:10:00,2017-11-22 18:10,68.585,174.365,180.8,1048.5,83.445
2017-11-22,18:15:00,2017-11-22 18:15,68.5924,174.35,180.74,1048.73,83.37
2017-11-22,18:20:00,2017-11-22 18:20,68.48,174.135,180.65,1049.05,83.35
2017-11-22,18:25:00,2017-11-22 18:25,68.5601,174.1565,180.67,1049.15,83.43
2017-11-22,18:30:00,2017-11-22 18:30,68.4998,174.13,180.64,1049.31,83.41
2017-11-22,18:35:00,2017-11-22 18:35,68.5,174.26,180.59,1049.36,83.3901
2017-11-22,18:40:00,2017-11-22 18:40,68.64,174.29,180.57,1049.3694,83.42
2017-11-22,18:45:00,2017-11-22 18:45,68.54,174.35,180.56,1049.73,83.4115
2017-11-22,18:50:00,2017-11-22 18:50,68.51,174.316,180.5899,1049.71,83.375
2017-11-22,18:55:00,2017-11-22 18:55,68.52,174.34,180.6,1049.7,83.39
2017-11-22,19:00:00,2017-11-22 19:00,68.56,174.27,180.635,1050.49,83.4249
2017-11-22,19:05:00,2017-11-22 19:05,68.59,173.92,180.58,1050.8099,83.45
2017-11-22,19:10:00,2017-11-22 19:10,68.65,174.0562,180.63,1050.89,83.459
2017-11-22,19:15:00,2017-11-22 19:15,68.78,174.07,180.69,1051.0299,83.445
2017-11-22,19:20:00,2017-11-22 19:20,68.8,174.025,180.6,1049.95,83.395
2017-11-22,19:25:00,2017-11-22 19:25,68.745,174.2,180.67,1050.05,83.32
2017-11-22,19:30:00,2017-11-22 19:30,68.77,174.26,180.54,1050.67,83.3244
2017-11-22,19:35:00,2017-11-22 19:35,68.82,174.3099,180.5799,1050.68,83.35
2017-11-22,19:40:00,2017-11-22 19:40,68.77,174.32,180.53,1050.36,83.365
2017-11-22,19:45:00,2017-11-22 19:45,68.74,174.21,180.48,1050.3004,83.395
2017-11-22,19:50:00,2017-11-22 19:50,68.7,174.255,180.47,1050.71,83.335
2017-11-22,19:55:00,2017-11-22 19:55,68.69,174.34,180.56,1050.54,83.315
2017-11-22,20:00:00,2017-11-22 20:00,68.7,174.339,180.55,1050.965,83.3075
2017-11-22,20:05:00,2017-11-22 20:05,68.67,174.2901,180.51,1051.91,83.285
2017-11-22,20:10:00,2017-11-22 20:10,68.68,174.24,180.58,1051.7971,83.3
2017-11-22,20:15:00,2017-11-22 20:15,68.75,174.215,180.6557,1052.4,83.29
2017-11-22,20:20:00,2017-11-22 20:20,68.73,174.34,180.74,1053.18,83.26
2017-11-22,20:25:00,2017-11-22 20:25,68.78,174.34,180.7449,1053.08,83.24
2017-11-22,20:30:00,2017-11-22 20:30,68.75,174.29,180.76,1053.46,83.23
2017-11-22,20:35:00,2017-11-22 20:35,68.745,174.4373,180.81,1055.11,83.265
2017-11-22,20:40:00,2017-11-22 20:40,68.725,174.5,180.9,1054.6101,83.28
2017-11-22,20:45:00,2017-11-22 20:45,68.76,174.5421,180.8845,1054.87,83.305
2017-11-22,20:50:00,2017-11-22 20:50,68.73,174.61,180.88,1055.16,83.3
2017-11-22,20:55:00,2017-11-22 20:55,68.72,174.62,180.86,1054.99,83.295
2017-11-22,21:00:00,2017-11-22 21:00,68.76,174.49,180.7898,1054.08,83.23
2017-11-22,21:05:00,2017-11-22 21:05,68.73,174.3703,180.7022,1053.2,83.1925
2017-11-22,21:10:00,2017-11-22 21:10,68.71,174.39,180.68,1053.19,83.175
2017-11-22,21:15:00,2017-11-22 21:15,68.67,174.62,180.68,1053.13,83.155
2017-11-22,21:20:00,2017-11-22 21:20,68.69,174.58,180.7031,1053.06,83.145
2017-11-22,21:25:00,2017-11-22 21:25,68.62,174.5565,180.6226,1053.28,83.11
2017-11-22,21:30:00,2017-11-22 21:30,68.685,174.5349,180.765,1053.88,83.12
2017-11-22,21:35:00,2017-11-22 21:35,68.7,174.59,180.77,1052.98,83.135
2017-11-22,21:40:00,2017-11-22 21:40,68.63,174.71,180.7125,1052.04,83.22
2017-11-22,21:45:00,2017-11-22 21:45,68.7301,174.82,180.7825,1051.82,83.19
2017-11-22,21:50:00,2017-11-22 21:50,68.84,174.7601,180.9043,1052.3882,83.14
2017-11-22,21:55:00,2017-11-22 21:55,68.99,174.931,180.96,1053.11,83.105
2017-11-22,22:00:00,2017-11-22 22:00,68.69,174.96,180.87,1051.92,83.11
2017-11-24,15:35:00,2017-11-24 15:35,68.89,174.93,180.89,1052.68,83.02
2017-11-24,15:40:00,2017-11-24 15:40,69.09,175.28,181.39,1056.515,83
2017-11-24,15:45:00,2017-11-24 15:45,69.01,175.19,181.3717,1057.35,82.89
2017-11-24,15:50:00,2017-11-24 15:50,69.07,175.2545,181.53,1057,82.865
2017-11-24,15:55:00,2017-11-24 15:55,69.09,175.225,181.77,1057.4,82.8
2017-11-24,16:00:00,2017-11-24 16:00,69.2,175.2,182.1471,1057.065,82.88
2017-11-24,16:05:00,2017-11-24 16:05,69.15,175.215,181.98,1055.64,83.02
2017-11-24,16:10:00,2017-11-24 16:10,69.12,175.01,181.85,1055.38,82.995
2017-11-24,16:15:00,2017-11-24 16:15,69.25,174.995,181.94,1055.8626,82.96
2017-11-24,16:20:00,2017-11-24 16:20,69.315,175.01,182.17,1056.6,82.983
2017-11-24,16:25:00,2017-11-24 16:25,69.28,175.09,182.14,1056.69,82.905
2017-11-24,16:30:00,2017-11-24 16:30,69.27,175.1444,182.15,1056.41,82.945
2017-11-24,16:35:00,2017-11-24 16:35,69.29,175.17,182.38,1056.827,83.03
2017-11-24,16:40:00,2017-11-24 16:40,69.295,175.0664,182.455,1057.16,83.0685
2017-11-24,16:45:00,2017-11-24 16:45,69.27,175.08,182.41,1057.74,83.0999
2017-11-24,16:50:00,2017-11-24 16:50,69.27,175.025,182.49,1058.94,83.1775
2017-11-24,16:55:00,2017-11-24 16:55,69.26,175.02,182.5196,1059.48,83.23
2017-11-24,17:00:00,2017-11-24 17:00,69.3,175.06,182.51,1059.36,83.225
2017-11-24,17:05:00,2017-11-24 17:05,69.3,175.06,182.59,1059.5,83.23
2017-11-24,17:10:00,2017-11-24 17:10,69.3,175.24,182.745,1059.675,83.2799
2017-11-24,17:15:00,2017-11-24 17:15,69.37,175.2205,182.78,1059.4,83.3
2017-11-24,17:20:00,2017-11-24 17:20,69.36,175.079,182.775,1058.9498,83.3
2017-11-24,17:25:00,2017-11-24 17:25,69.32,175.11,182.8,1058.09,83.275
2017-11-24,17:30:00,2017-11-24 17:30,69.27,175.037,182.893,1058.3,83.27
2017-11-24,17:35:00,2017-11-24 17:35,69.25,175.1263,182.79,1057.67,83.29
2017-11-24,17:40:00,2017-11-24 17:40,69.22,175.225,182.91,1058.27,83.295
2017-11-24,17:45:00,2017-11-24 17:45,69.19,175.295,182.94,1058.53,83.295
2017-11-24,17:50:00,2017-11-24 17:50,69.19,175.28,182.83,1058.1698,83.295
2017-11-24,17:55:00,2017-11-24 17:55,69.125,175.2055,182.72,1057.34,83.295
2017-11-24,18:00:00,2017-11-24 18:00,69.1,175.14,182.68,1057.63,83.2744
2017-11-24,18:05:00,2017-11-24 18:05,69.11,175.17,182.75,1057.99,83.275
2017-11-24,18:10:00,2017-11-24 18:10,69.13,175.1332,182.985,1059.76,83.295
2017-11-24,18:15:00,2017-11-24 18:15,69.14,175.1536,183.04,1059.535,83.265
2017-11-24,18:20:00,2017-11-24 18:20,69.15,175.15,183.01,1059.44,83.27
2017-11-24,18:25:00,2017-11-24 18:25,69.16,175.14,183.1,1058.408,83.34
2017-11-24,18:30:00,2017-11-24 18:30,69.18,175.085,183.09,1058.75,83.2601
2017-11-24,18:35:00,2017-11-24 18:35,69.19,175.04,183.07,1057.99,83.365
2017-11-24,18:40:00,2017-11-24 18:40,69.23,175.03,182.98,1058.5823,83.325
2017-11-24,18:45:00,2017-11-24 18:45,69.26,174.98,183.02,1058.07,83.2737
2017-11-24,18:50:00,2017-11-24 18:50,69.23,174.9659,182.96,1057.5907,83.395
2017-11-24,18:55:00,2017-11-24 18:55,69.3,174.9899,182.98,1056.98,83.32
2017-11-24,19:00:00,2017-11-24 19:00,69.35,174.96,182.78,1056.74,83.28
2017-11-24,19:05:00,2017-11-24 19:05,69.36,174.97,182.78,1056.52,83.26
2017-11-27,15:35:00,2017-11-27 15:35,69.27,174.1,182.17,1055.57,83.46
2017-11-27,15:40:00,2017-11-27 15:40,69.24,173.97,183.07,1059.71,83.8443
2017-11-27,15:45:00,2017-11-27 15:45,69.34,174.46,183.03,1060.52,83.88
2017-11-27,15:50:00,2017-11-27 15:50,69.355,174.88,183.6458,1063.69,83.94
2017-11-27,15:55:00,2017-11-27 15:55,69.3501,174.8102,183.6,1064.86,83.882
2017-11-27,16:00:00,2017-11-27 16:00,69.29,174.63,183.33,1062.65,83.855
2017-11-27,16:05:00,2017-11-27 16:05,69.34,174.774,183.2692,1065.705,83.925
2017-11-27,16:10:00,2017-11-27 16:10,69.37,174.8099,183.39,1066,83.9
2017-11-27,16:15:00,2017-11-27 16:15,69.38,174.77,183.34,1065.365,83.87
2017-11-27,16:20:00,2017-11-27 16:20,69.375,174.955,183.4815,1066.18,83.9
2017-11-27,16:25:00,2017-11-27 16:25,69.34,174.76,183.405,1066.53,83.87
2017-11-27,16:30:00,2017-11-27 16:30,69.351,174.6234,183.38,1066.37,83.84
2017-11-27,16:35:00,2017-11-27 16:35,69.32,174.565,183.15,1066.34,83.83
2017-11-27,16:40:00,2017-11-27 16:40,69.335,174.67,182.9688,1066.14,83.79
2017-11-27,16:45:00,2017-11-27 16:45,69.33,174.74,183.17,1065.19,83.845
2017-11-27,16:50:00,2017-11-27 16:50,69.35,174.61,183.0224,1065.59,83.845
2017-11-27,16:55:00,2017-11-27 16:55,69.35,174.46,183.0001,1065.73,83.89
2017-11-27,17:00:00,2017-11-27 17:00,69.34,174.52,183.06,1067.33,83.865
2017-11-27,17:05:00,2017-11-27 17:05,69.41,174.36,182.95,1068.9599,83.885
2017-11-27,17:10:00,2017-11-27 17:10,69.41,174.3292,183.01,1068.29,83.95
2017-11-27,17:15:00,2017-11-27 17:15,69.37,173.97,182.75,1065.88,83.8831
2017-11-27,17:20:00,2017-11-27 17:20,69.34,173.94,182.32,1065.45,83.735
2017-11-27,17:25:00,2017-11-27 17:25,69.3278,173.75,182.0486,1063.64,83.75
2017-11-27,17:30:00,2017-11-27 17:30,69.36,173.66,182.05,1062.336,83.75
2017-11-27,17:35:00,2017-11-27 17:35,69.4,173.8,182.26,1064.14,83.79
2017-11-27,17:40:00,2017-11-27 17:40,69.39,173.89,182.3,1062.81,83.705
2017-11-27,17:45:00,2017-11-27 17:45,69.44,173.825,182.52,1065.091,83.79
2017-11-27,17:50:00,2017-11-27 17:50,69.48,173.87,182.61,1065.52,83.865
2017-11-27,17:55:00,2017-11-27 17:55,69.46,174.085,182.65,1066.02,83.855
2017-11-27,18:00:00,2017-11-27 18:00,69.44,174.05,182.5,1065.06,83.91
2017-11-27,18:05:00,2017-11-27 18:05,69.39,174.02,182.48,1063.93,83.91
2017-11-27,18:10:00,2017-11-27 18:10,69.43,173.9985,182.6048,1065.39,83.89
2017-11-27,18:15:00,2017-11-27 18:15,69.44,174.0552,182.65,1065.65,83.861
2017-11-27,18:20:00,2017-11-27 18:20,69.41,174.14,182.817,1065,83.86
2017-11-27,18:25:00,2017-11-27 18:25,69.41,174.23,182.7788,1064.92,83.885
2017-11-27,18:30:00,2017-11-27 18:30,69.43,174.26,182.79,1065.28,83.87
2017-11-27,18:35:00,2017-11-27 18:35,69.425,174.28,182.8686,1065.55,83.865
2017-11-27,18:40:00,2017-11-27 18:40,69.42,174.1,182.55,1065,83.78
2017-11-27,18:45:00,2017-11-27 18:45,69.425,173.965,182.47,1064.86,83.75
2017-11-27,18:50:00,2017-11-27 18:50,69.44,174.06,182.45,1065,83.7499
2017-11-27,18:55:00,2017-11-27 18:55,69.42,174.1932,182.7432,1066.3,83.77
2017-11-27,19:00:00,2017-11-27 19:00,69.385,174.08,182.7744,1066.5,83.71
2017-11-27,19:05:00,2017-11-27 19:05,69.38,174.15,182.975,1067.7699,83.72
2017-11-27,19:10:00,2017-11-27 19:10,69.4,174.28,183.02,1068.3,83.82
2017-11-27,19:15:00,2017-11-27 19:15,69.35,174.28,182.89,1067.09,83.82
2017-11-27,19:20:00,2017-11-27 19:20,69.3396,174.3,182.87,1067.59,83.77
2017-11-27,19:25:00,2017-11-27 19:25,69.33,174.37,183.01,1068.77,83.7401
2017-11-27,19:30:00,2017-11-27 19:30,69.33,174.41,182.94,1068.961,83.725
2017-11-27,19:35:00,2017-11-27 19:35,69.325,174.34,183.04,1069.925,83.66
2017-11-27,19:40:00,2017-11-27 19:40,69.32,174.31,183.01,1070.01,83.68
2017-11-27,19:45:00,2017-11-27 19:45,69.335,174.3427,182.925,1070.59,83.635
2017-11-27,19:50:00,2017-11-27 19:50,69.32,174.4766,182.945,1070.455,83.59
2017-11-27,19:55:00,2017-11-27 19:55,69.335,174.425,182.98,1070.275,83.615
2017-11-27,20:00:00,2017-11-27 20:00,69.3375,174.41,182.98,1070.99,83.61
2017-11-27,20:05:00,2017-11-27 20:05,69.34,174.26,182.83,1070.23,83.635
2017-11-27,20:10:00,2017-11-27 20:10,69.32,174.21,182.81,1070.2365,83.59
2017-11-27,20:15:00,2017-11-27 20:15,69.28,174.07,182.74,1069.52,83.571
2017-11-27,20:20:00,2017-11-27 20:20,69.31,174.1863,182.66,1067.9438,83.58
2017-11-27,20:25:00,2017-11-27 20:25,69.305,174.09,182.57,1066.99,83.6
2017-11-27,20:30:00,2017-11-27 20:30,69.35,174.11,182.78,1067.86,83.65
2017-11-27,20:35:00,2017-11-27 20:35,69.34,174.12,182.8772,1067.8,83.67
2017-11-27,20:40:00,2017-11-27 20:40,69.35,174.165,182.99,1067.4,83.72
2017-11-27,20:45:00,2017-11-27 20:45,69.36,174.12,183.1,1068.54,83.7599
2017-11-27,20:50:00,2017-11-27 20:50,69.38,174.24,183.105,1068.43,83.79
2017-11-27,20:55:00,2017-11-27 20:55,69.365,174.2,183.1402,1069.36,83.8051
2017-11-27,21:00:00,2017-11-27 21:00,69.36,174.2833,183.13,1069.49,83.86
2017-11-27,21:05:00,2017-11-27 21:05,69.33,174.2458,183.12,1069.49,83.825
2017-11-27,21:10:00,2017-11-27 21:10,69.36,174.1441,183.02,1069.14,83.81
2017-11-27,21:15:00,2017-11-27 21:15,69.345,174.12,182.9687,1068.56,83.7855
2017-11-27,21:20:00,2017-11-27 21:20,69.36,174.0299,183.01,1068.6199,83.785
2017-11-27,21:25:00,2017-11-27 21:25,69.36,174.07,183.15,1068.85,83.8259
2017-11-27,21:30:00,2017-11-27 21:30,69.36,174.06,183.19,1069.231,83.83
2017-11-27,21:35:00,2017-11-27 21:35,69.38,174.07,183.28,1069.38,83.825
2017-11-27,21:40:00,2017-11-27 21:40,69.37,174.0764,183.22,1070.46,83.84
2017-11-27,21:45:00,2017-11-27 21:45,69.355,174.09,183.3,1071.3504,83.82
2017-11-27,21:50:00,2017-11-27 21:50,69.34,174.17,183.22,1071.87,83.86
2017-11-27,21:55:00,2017-11-27 21:55,69.34,174.03,183.19,1071.86,83.83
2017-11-27,22:00:00,2017-11-27 22:00,69.31,174.09,183.03,1072.01,83.87
2017-11-28,15:35:00,2017-11-28 15:35,69.67,174.59,184.1502,1078.3,84.39
2017-11-28,15:40:00,2017-11-28 15:40,69.74,174.3472,184,1074.37,84.38
2017-11-28,15:45:00,2017-11-28 15:45,69.81,174.73,183.6767,1072.95,84.58
2017-11-28,15:50:00,2017-11-28 15:50,69.72,174.1,183.26,1071.98,84.68
2017-11-28,15:55:00,2017-11-28 15:55,69.87,174.03,183.71,1072.7996,84.85
2017-11-28,16:00:00,2017-11-28 16:00,69.86,173.89,183.3901,1072.86,84.745
2017-11-28,16:05:00,2017-11-28 16:05,69.83,173.7942,183.26,1073.194,84.9
2017-11-28,16:10:00,2017-11-28 16:10,69.85,173.93,183.55,1074.2573,84.995
2017-11-28,16:15:00,2017-11-28 16:15,69.87,173.9,183.65,1073.68,84.82
2017-11-28,16:20:00,2017-11-28 16:20,69.96,173.8255,183.65,1075.032,84.64
2017-11-28,16:25:00,2017-11-28 16:25,69.98,173.89,183.73,1073.92,84.65
2017-11-28,16:30:00,2017-11-28 16:30,70.12,173.89,183.82,1073.37,84.6555
2017-11-28,16:35:00,2017-11-28 16:35,70.17,174.06,183.84,1073.24,84.63
2017-11-28,16:40:00,2017-11-28 16:40,70.23,174.07,183.89,1072.02,84.63
2017-11-28,16:45:00,2017-11-28 16:45,70.33,173.86,183.58,1070.47,84.68
2017-11-28,16:50:00,2017-11-28 16:50,70.27,173.725,183.68,1070.435,84.705
2017-11-28,16:55:00,2017-11-28 16:55,70.31,173.5247,183.5,1070.29,84.63
2017-11-28,17:00:00,2017-11-28 17:00,70.24,173.31,183.27,1069.5,84.535
2017-11-28,17:05:00,2017-11-28 17:05,70.37,173.18,183.335,1069.95,84.64
2017-11-28,17:10:00,2017-11-28 17:10,70.4,173.39,183.36,1069.63,84.68
2017-11-28,17:15:00,2017-11-28 17:15,70.425,173.25,183.2,1068.5639,84.7
2017-11-28,17:20:00,2017-11-28 17:20,70.5231,173.12,183.27,1068.12,84.69
2017-11-28,17:25:00,2017-11-28 17:25,70.68,172.97,183.62,1069.43,84.71
2017-11-28,17:30:00,2017-11-28 17:30,70.64,172.96,183.6,1071.375,84.72
2017-11-28,17:35:00,2017-11-28 17:35,70.57,172.8469,183.61,1069.45,84.6618
2017-11-28,17:40:00,2017-11-28 17:40,70.78,173.156,183.6606,1069.46,84.75
2017-11-28,17:45:00,2017-11-28 17:45,70.82,173.09,183.56,1069.47,84.669
2017-11-28,17:50:00,2017-11-28 17:50,70.875,173.101,183.44,1068.85,84.67
2017-11-28,17:55:00,2017-11-28 17:55,70.885,173.0599,183.41,1068.85,84.6501
2017-11-28,18:00:00,2017-11-28 18:00,70.79,172.975,183.4,1069.6939,84.665
2017-11-28,18:05:00,2017-11-28 18:05,70.71,172.9745,183.54,1069.7292,84.71
2017-11-28,18:10:00,2017-11-28 18:10,70.53,172.7458,183.567,1069.405,84.725
2017-11-28,18:15:00,2017-11-28 18:15,70.56,172.6795,183.49,1069.83,84.765
2017-11-28,18:20:00,2017-11-28 18:20,70.68,172.73,183.53,1069.43,84.77
2017-11-28,18:25:00,2017-11-28 18:25,70.61,172.9252,183.49,1069.26,84.7892
2017-11-28,18:30:00,2017-11-28 18:30,70.46,173.05,183.525,1068.64,84.79
2017-11-28,18:35:00,2017-11-28 18:35,70.45,173.3,183.43,1068.375,84.79
2017-11-28,18:40:00,2017-11-28 18:40,70.4368,173.14,183.3624,1066.46,84.7688
2017-11-28,18:45:00,2017-11-28 18:45,70.38,173.05,183.23,1065.72,84.7441
2017-11-28,18:50:00,2017-11-28 18:50,70.37,172.86,183.1887,1066.65,84.74
2017-11-28,18:55:00,2017-11-28 18:55,70.41,172.88,183.15,1066.6132,84.7653
2017-11-28,19:00:00,2017-11-28 19:00,70.39,172.88,183.26,1066.63,84.7742
2017-11-28,19:05:00,2017-11-28 19:05,70.48,173.1,183.375,1066.825,84.86
2017-11-28,19:10:00,2017-11-28 19:10,70.43,173.15,183.5,1067.41,84.87
2017-11-28,19:15:00,2017-11-28 19:15,70.44,173.07,183.31,1067.05,84.85
2017-11-28,19:20:00,2017-11-28 19:20,70.398,172.9401,183.4,1067.24,84.865
2017-11-28,19:25:00,2017-11-28 19:25,70.3,172.86,183.19,1065.615,84.79
2017-11-28,19:30:00,2017-11-28 19:30,70.35,172.9077,183.265,1064.54,84.795
2017-11-28,19:35:00,2017-11-28 19:35,70.3826,172.99,183.3,1064.95,84.76
2017-11-28,19:40:00,2017-11-28 19:40,70.37,172.85,183.15,1063.54,84.665
2017-11-28,19:45:00,2017-11-28 19:45,70.36,172.84,183.29,1063.85,84.68
2017-11-28,19:50:00,2017-11-28 19:50,70.41,172.69,183.2144,1063.49,84.67
2017-11-28,19:55:00,2017-11-28 19:55,70.355,172.49,182.9728,1061.54,84.54
2017-11-28,20:00:00,2017-11-28 20:00,70.29,172.4634,182.53,1059.13,84.5
2017-11-28,20:05:00,2017-11-28 20:05,70.2995,172.15,182.36,1055.34,84.51
2017-11-28,20:10:00,2017-11-28 20:10,70.31,172.47,182.7,1059.37,84.54
2017-11-28,20:15:00,2017-11-28 20:15,70.35,172.52,182.6453,1059.75,84.52
2017-11-28,20:20:00,2017-11-28 20:20,70.39,172.6753,182.82,1060.41,84.615
2017-11-28,20:25:00,2017-11-28 20:25,70.4,172.724,182.9355,1061.81,84.61
2017-11-28,20:30:00,2017-11-28 20:30,70.44,172.78,182.9299,1063.57,84.69
2017-11-28,20:35:00,2017-11-28 20:35,70.375,172.855,182.86,1064.47,84.77
2017-11-28,20:40:00,2017-11-28 20:40,70.35,172.88,183.04,1065.055,84.785
2017-11-28,20:45:00,2017-11-28 20:45,70.415,172.96,183.0386,1065.62,84.905
2017-11-28,20:50:00,2017-11-28 20:50,70.415,172.94,182.92,1065,84.87
2017-11-28,20:55:00,2017-11-28 20:55,70.44,172.97,182.87,1064.8,84.8763
2017-11-28,21:00:00,2017-11-28 21:00,70.3682,172.8404,182.475,1062.94,84.815
2017-11-28,21:05:00,2017-11-28 21:05,70.36,172.82,182.47,1062.18,84.8
2017-11-28,21:10:00,2017-11-28 21:10,70.4,172.9499,182.51,1063.36,84.81
2017-11-28,21:15:00,2017-11-28 21:15,70.49,173.1195,182.565,1064.605,84.85
2017-11-28,21:20:00,2017-11-28 21:20,70.57,173.1326,182.44,1064.465,84.89
2017-11-28,21:25:00,2017-11-28 21:25,70.63,173.15,182.42,1064.75,84.815
2017-11-28,21:30:00,2017-11-28 21:30,70.58,172.91,182.376,1062.63,84.75
2017-11-28,21:35:00,2017-11-28 21:35,70.56,172.92,182.2732,1062.19,84.705
2017-11-28,21:40:00,2017-11-28 21:40,70.5,172.8256,182.2036,1062.28,84.77
2017-11-28,21:45:00,2017-11-28 21:45,70.53,172.9134,182.215,1061.42,84.82
2017-11-28,21:50:00,2017-11-28 21:50,70.51,172.8048,182.16,1061.7,84.8
2017-11-28,21:55:00,2017-11-28 21:55,70.525,172.9499,182.35,1062.16,84.795
2017-11-28,22:00:00,2017-11-28 22:00,70.59,173.07,182.42,1063.29,84.88
2017-11-29,15:35:00,2017-11-29 15:35,70.74,172.4001,180.29,1051.35,84.65
2017-11-29,15:40:00,2017-11-29 15:40,70.4,172.1,179.4907,1048.78,84.43
2017-11-29,15:45:00,2017-11-29 15:45,70.33,172.62,178.98,1046.36,84.655
2017-11-29,15:50:00,2017-11-29 15:50,70.31,172.05,178.07,1044.43,84.8088
2017-11-29,15:55:00,2017-11-29 15:55,70.4,172.09,177.68,1043.575,84.86
2017-11-29,16:00:00,2017-11-29 16:00,70.315,171.802,177.4,1042.04,84.82
2017-11-29,16:05:00,2017-11-29 16:05,70.36,171.21,177.3,1042.3,84.645
2017-11-29,16:10:00,2017-11-29 16:10,70.34,171.3344,177.3073,1045.0622,84.6
2017-11-29,16:15:00,2017-11-29 16:15,70.4,170.95,176.3428,1040.58,84.6
2017-11-29,16:20:00,2017-11-29 16:20,70.14,169.46,175.83,1038.8597,84.3252
2017-11-29,16:25:00,2017-11-29 16:25,70.16,169.31,174.66,1035.9516,84.14
2017-11-29,16:30:00,2017-11-29 16:30,70.28,169.94,175.29,1039.97,84.1
2017-11-29,16:35:00,2017-11-29 16:35,70.13,169.74,174.4,1040.6926,84.11
2017-11-29,16:40:00,2017-11-29 16:40,70.15,170.04,175.72,1042.87,84.26
2017-11-29,16:45:00,2017-11-29 16:45,69.895,169.91,176.3299,1044.27,84.2
2017-11-29,16:50:00,2017-11-29 16:50,69.8,169.71,175.93,1044.33,84.19
2017-11-29,16:55:00,2017-11-29 16:55,69.6,169.275,175.255,1041.1312,83.9644
2017-11-29,17:00:00,2017-11-29 17:00,69.59,168.8,175.38,1038.9,83.81
2017-11-29,17:05:00,2017-11-29 17:05,69.56,169.0155,175.27,1038.9928,84.01
2017-11-29,17:10:00,2017-11-29 17:10,69.5,168.9916,174.6601,1035.095,83.84
2017-11-29,17:15:00,2017-11-29 17:15,69.54,169.5,175.6,1038.23,83.95
2017-11-29,17:20:00,2017-11-29 17:20,69.47,169.185,175.27,1035.9,83.85
2017-11-29,17:25:00,2017-11-29 17:25,69.33,168.9999,174.7006,1034.99,83.71
2017-11-29,17:30:00,2017-11-29 17:30,69.25,169.12,174.96,1035.745,83.755
2017-11-29,17:35:00,2017-11-29 17:35,69.3,169.2,174.85,1033.5,83.58
2017-11-29,17:40:00,2017-11-29 17:40,69.21,169.35,175.15,1035.39,83.62
2017-11-29,17:45:00,2017-11-29 17:45,69.06,168.64,174.8,1032.57,83.466
2017-11-29,17:50:00,2017-11-29 17:50,69.16,168.18,174.95,1031.95,83.5
2017-11-29,17:55:00,2017-11-29 17:55,69.03,167.98,174.74,1032.27,83.545
2017-11-29,18:00:00,2017-11-29 18:00,68.94,167.39,174.5026,1029.6533,83.52
2017-11-29,18:05:00,2017-11-29 18:05,68.985,167.43,174.21,1029.9296,83.39
2017-11-29,18:10:00,2017-11-29 18:10,68.96,167.8693,174.4304,1032.4,83.59
2017-11-29,18:15:00,2017-11-29 18:15,68.95,167.87,174.5556,1031.32,83.545
2017-11-29,18:20:00,2017-11-29 18:20,69.07,168.12,175.1638,1033.08,83.62
2017-11-29,18:25:00,2017-11-29 18:25,69.17,168.48,175.26,1033.96,83.735
2017-11-29,18:30:00,2017-11-29 18:30,69.25,168.44,175.23,1032.3401,83.69
2017-11-29,18:35:00,2017-11-29 18:35,69.26,168.565,175.685,1032.28,83.615
2017-11-29,18:40:00,2017-11-29 18:40,69.25,168.8093,175.8168,1036.5,83.62
2017-11-29,18:45:00,2017-11-29 18:45,69.22,168.98,175.5,1034.15,83.71
2017-11-29,18:50:00,2017-11-29 18:50,69.15,169.327,175.8872,1036.82,83.69
2017-11-29,18:55:00,2017-11-29 18:55,69.08,168.7301,175.3,1036.035,83.485
2017-11-29,19:00:00,2017-11-29 19:00,69.02,168.63,175.41,1036.23,83.44
2017-11-29,19:05:00,2017-11-29 19:05,69,168.42,175.3502,1034.48,83.495
2017-11-29,19:10:00,2017-11-29 19:10,68.98,168.31,175.605,1034.9,83.48
2017-11-29,19:15:00,2017-11-29 19:15,68.95,168.94,176.115,1036.13,83.58
2017-11-29,19:20:00,2017-11-29 19:20,68.99,169.255,176.79,1038.08,83.7
2017-11-29,19:25:00,2017-11-29 19:25,69.05,169.22,176.8715,1037.86,83.7756
2017-11-29,19:30:00,2017-11-29 19:30,69.06,169.3446,176.9,1037.06,83.785
2017-11-29,19:35:00,2017-11-29 19:35,69.09,169.03,177.07,1036.76,83.835
2017-11-29,19:40:00,2017-11-29 19:40,69.15,168.91,176.88,1036.34,83.82
2017-11-29,19:45:00,2017-11-29 19:45,69.185,168.942,176.9201,1037.525,83.79
2017-11-29,19:50:00,2017-11-29 19:50,69.14,169.03,176.59,1036.82,83.76
2017-11-29,19:55:00,2017-11-29 19:55,69.15,168.52,176.059,1036.31,83.6
2017-11-29,20:00:00,2017-11-29 20:00,69.05,168.4698,176.055,1036.08,83.52
2017-11-29,20:05:00,2017-11-29 20:05,69.11,168.65,175.49,1037.03,83.55
2017-11-29,20:10:00,2017-11-29 20:10,69.07,168.66,175.45,1035.34,83.515
2017-11-29,20:15:00,2017-11-29 20:15,69.03,168.8201,175.6,1037.45,83.595
2017-11-29,20:20:00,2017-11-29 20:20,68.97,168.785,175.23,1035.05,83.6099
2017-11-29,20:25:00,2017-11-29 20:25,68.99,168.91,175.2758,1033.9,83.6131
2017-11-29,20:30:00,2017-11-29 20:30,68.995,168.7,175.06,1032.49,83.51
2017-11-29,20:35:00,2017-11-29 20:35,68.875,168.62,175.11,1031.985,83.475
2017-11-29,20:40:00,2017-11-29 20:40,68.76,168.625,174.91,1032.1639,83.4444
2017-11-29,20:45:00,2017-11-29 20:45,68.67,168.9,175.14,1033.2,83.5
2017-11-29,20:50:00,2017-11-29 20:50,68.69,169.07,175.27,1033.56,83.51
2017-11-29,20:55:00,2017-11-29 20:55,68.61,169.3,175.5161,1034.76,83.529
2017-11-29,21:00:00,2017-11-29 21:00,68.51,168.95,175.2999,1034.9,83.54
2017-11-29,21:05:00,2017-11-29 21:05,68.61,168.95,175.289,1035.32,83.495
2017-11-29,21:10:00,2017-11-29 21:10,68.62,169.05,175.1911,1035.2,83.5
2017-11-29,21:15:00,2017-11-29 21:15,68.56,168.69,174.8569,1033.91,83.23
2017-11-29,21:20:00,2017-11-29 21:20,68.56,168.74,174.72,1033.68,83.21
2017-11-29,21:25:00,2017-11-29 21:25,68.665,168.99,174.9,1034.8625,83.235
2017-11-29,21:30:00,2017-11-29 21:30,68.69,169.05,175.03,1036.73,83.35
2017-11-29,21:35:00,2017-11-29 21:35,68.73,169.427,175.19,1038.24,83.4843
2017-11-29,21:40:00,2017-11-29 21:40,68.68,169.23,174.8067,1037.54,83.4499
2017-11-29,21:45:00,2017-11-29 21:45,68.645,169.08,174.78,1037.11,83.35
2017-11-29,21:50:00,2017-11-29 21:50,68.7099,169.2,175.1,1037.655,83.34
2017-11-29,21:55:00,2017-11-29 21:55,68.68,169.4499,175.3799,1039.6599,83.31
2017-11-29,22:00:00,2017-11-29 22:00,68.69,169.48,175.13,1037.38,83.34
2017-11-30,15:35:00,2017-11-30 15:35,69.05,169.99,176.5599,1041.18,83.64
2017-11-30,15:40:00,2017-11-30 15:40,68.45,169.04,175.77,1033.354,83.5
2017-11-30,15:45:00,2017-11-30 15:45,68.625,169.85,176.2,1034.81,83.75
2017-11-30,15:50:00,2017-11-30 15:50,68.89,170.25,176.4775,1038.28,83.985
2017-11-30,15:55:00,2017-11-30 15:55,68.73,169.98,175.485,1035.5723,83.805
2017-11-30,16:00:00,2017-11-30 16:00,68.85,170,175.67,1035.2301,83.87
2017-11-30,16:05:00,2017-11-30 16:05,68.88,170.66,176.28,1038.455,83.98
2017-11-30,16:10:00,2017-11-30 16:10,68.82,170.33,176.37,1038.16,83.79
2017-11-30,16:15:00,2017-11-30 16:15,68.81,170.29,176.5,1036.86,83.75
2017-11-30,16:20:00,2017-11-30 16:20,68.711,170.82,177.1,1038.1245,83.745
2017-11-30,16:25:00,2017-11-30 16:25,68.76,170.85,177.28,1038.34,83.78
2017-11-30,16:30:00,2017-11-30 16:30,68.74,170.8,177.34,1038.87,83.65
2017-11-30,16:35:00,2017-11-30 16:35,68.88,171,177.95,1042.13,83.77
2017-11-30,16:40:00,2017-11-30 16:40,68.865,170.8601,178.01,1041.73,83.81
2017-11-30,16:45:00,2017-11-30 16:45,68.7798,170.78,177.805,1040.565,83.77
2017-11-30,16:50:00,2017-11-30 16:50,68.72,170.605,177.63,1040.5,83.7901
2017-11-30,16:55:00,2017-11-30 16:55,68.76,170.59,177.35,1040.22,83.57
2017-11-30,17:00:00,2017-11-30 17:00,68.88,170.43,176.735,1038.8104,83.63
2017-11-30,17:05:00,2017-11-30 17:05,68.99,170.7789,176.94,1040.92,83.67
2017-11-30,17:10:00,2017-11-30 17:10,68.93,170.96,177.26,1040.74,83.741
2017-11-30,17:15:00,2017-11-30 17:15,68.99,171.15,177.35,1042.29,83.76
2017-11-30,17:20:00,2017-11-30 17:20,68.89,171.395,177.325,1042.555,83.89
2017-11-30,17:25:00,2017-11-30 17:25,68.835,170.9784,176.99,1041.09,83.8138
2017-11-30,17:30:00,2017-11-30 17:30,68.79,170.8255,176.72,1038,83.6799
2017-11-30,17:35:00,2017-11-30 17:35,68.88,170.91,176.85,1037.67,83.66
2017-11-30,17:40:00,2017-11-30 17:40,68.9,171.115,177.03,1037.72,83.72
2017-11-30,17:45:00,2017-11-30 17:45,68.88,170.862,176.94,1037.31,83.77
2017-11-30,17:50:00,2017-11-30 17:50,68.89,171.01,177.0999,1037.78,83.79
2017-11-30,17:55:00,2017-11-30 17:55,68.88,170.865,177.035,1037.06,83.845
2017-11-30,18:00:00,2017-11-30 18:00,68.8,170.97,176.98,1037.4766,83.91
2017-11-30,18:05:00,2017-11-30 18:05,68.78,170.792,176.94,1037.445,83.875
2017-11-30,18:10:00,2017-11-30 18:10,68.835,170.99,176.99,1038.82,84.01
2017-11-30,18:15:00,2017-11-30 18:15,68.86,170.97,177.07,1040.31,84.08
2017-11-30,18:20:00,2017-11-30 18:20,68.9988,170.93,177.09,1039.43,84.125
2017-11-30,18:25:00,2017-11-30 18:25,69.23,171.235,177.22,1040.11,84.23
2017-11-30,18:30:00,2017-11-30 18:30,69.36,171.26,177.29,1039.5,84.21
2017-11-30,18:35:00,2017-11-30 18:35,69.35,171.22,177.29,1039.29,84.35
2017-11-30,18:40:00,2017-11-30 18:40,69.39,171.05,177.09,1039,84.39
2017-11-30,18:45:00,2017-11-30 18:45,69.45,171.24,177.071,1038.87,84.44
2017-11-30,18:50:00,2017-11-30 18:50,69.5375,171.13,176.82,1038.51,84.38
2017-11-30,18:55:00,2017-11-30 18:55,69.43,171.06,176.51,1036.5,84.16
2017-11-30,19:00:00,2017-11-30 19:00,69.42,171.2942,176.46,1036.985,84.28
2017-11-30,19:05:00,2017-11-30 19:05,69.4799,171.415,176.48,1038.11,84.3625
2017-11-30,19:10:00,2017-11-30 19:10,69.41,171.5,176.7556,1037.49,84.32
2017-11-30,19:15:00,2017-11-30 19:15,69.41,171.67,176.7389,1037.41,84.3
2017-11-30,19:20:00,2017-11-30 19:20,69.39,171.45,176.3738,1035.59,84.225
2017-11-30,19:25:00,2017-11-30 19:25,69.31,171.53,176.265,1033.6702,84.24
2017-11-30,19:30:00,2017-11-30 19:30,69.25,171.84,176.4099,1035.02,84.35
2017-11-30,19:35:00,2017-11-30 19:35,69.27,171.79,176.66,1034.97,84.3
2017-11-30,19:40:00,2017-11-30 19:40,69.28,171.59,176.695,1034.44,84.28
2017-11-30,19:45:00,2017-11-30 19:45,69.24,171.465,176.618,1033.42,84.27
2017-11-30,19:50:00,2017-11-30 19:50,69.26,171.612,176.64,1034.21,84.2872
2017-11-30,19:55:00,2017-11-30 19:55,69.23,171.63,176.62,1033.11,84.1714
2017-11-30,20:00:00,2017-11-30 20:00,69.215,171.82,176.77,1034.63,84.25
2017-11-30,20:05:00,2017-11-30 20:05,69.26,171.838,176.445,1033,84.155
2017-11-30,20:10:00,2017-11-30 20:10,69.19,171.61,176.26,1032.9099,84.065
2017-11-30,20:15:00,2017-11-30 20:15,69.275,171.805,176.39,1032.75,84.02
2017-11-30,20:20:00,2017-11-30 20:20,69.28,171.77,176.33,1033.12,84.085
2017-11-30,20:25:00,2017-11-30 20:25,69.26,171.7598,176.32,1033.25,84.1
2017-11-30,20:30:00,2017-11-30 20:30,69.3,171.83,176.64,1035.565,84.27
2017-11-30,20:35:00,2017-11-30 20:35,69.29,171.85,176.44,1035.07,84.22
2017-11-30,20:40:00,2017-11-30 20:40,69.255,171.74,176.4586,1034.71,84.195
2017-11-30,20:45:00,2017-11-30 20:45,69.21,171.82,176.36,1034.25,84.16
2017-11-30,20:50:00,2017-11-30 20:50,69.22,171.87,176.155,1033.96,84.1358
2017-11-30,20:55:00,2017-11-30 20:55,69.21,171.867,176,1034.04,84.205
2017-11-30,21:00:00,2017-11-30 21:00,69.185,171.7335,175.68,1032.93,84.195
2017-11-30,21:05:00,2017-11-30 21:05,69.18,171.53,175.4059,1032.64,84.135
2017-11-30,21:10:00,2017-11-30 21:10,69.135,171.34,175.35,1031.19,83.94
2017-11-30,21:15:00,2017-11-30 21:15,69.19,171.51,175.63,1032.74,83.955
2017-11-30,21:20:00,2017-11-30 21:20,69.18,171.47,175.85,1033.3,84
2017-11-30,21:25:00,2017-11-30 21:25,69.14,171.455,175.99,1034.16,84.04
2017-11-30,21:30:00,2017-11-30 21:30,69.2086,171.68,176.21,1035.04,84.135
2017-11-30,21:35:00,2017-11-30 21:35,69.21,171.65,176.14,1034.67,84.05
2017-11-30,21:40:00,2017-11-30 21:40,69.1,171.495,175.9213,1033.84,83.9965
2017-11-30,21:45:00,2017-11-30 21:45,69.14,171.9242,176.01,1033.28,84.02
2017-11-30,21:50:00,2017-11-30 21:50,69.21,172.08,176.34,1035.05,84.21
2017-11-30,21:55:00,2017-11-30 21:55,69.2425,172.0336,177.17,1036.91,84.23
2017-11-30,22:00:00,2017-11-30 22:00,69.24,171.85,177.18,1036.17,84.17
2017-12-01,15:35:00,2017-12-01 15:35,69.87,170.39,176.6,1036.33,84.18
2017-12-01,15:40:00,2017-12-01 15:40,69.6799,170.6,176.58,1034.2866,84.18
2017-12-01,15:45:00,2017-12-01 15:45,69.64,170.19,175.93,1030.5,84.16
2017-12-01,15:50:00,2017-12-01 15:50,69.43,169.815,175.83,1031.38,84.25
2017-12-01,15:55:00,2017-12-01 15:55,69.47,170.0353,175.9,1033.13,84.32
2017-12-01,16:00:00,2017-12-01 16:00,69.25,170.185,175.66,1032.17,84.3
2017-12-01,16:05:00,2017-12-01 16:05,69.2,170.51,176.2605,1033.3615,84.36
2017-12-01,16:10:00,2017-12-01 16:10,69.16,170.951,176.62,1033.41,84.44
2017-12-01,16:15:00,2017-12-01 16:15,69.17,170.73,176.72,1033.3,84.54
2017-12-01,16:20:00,2017-12-01 16:20,69.27,171.3715,176.99,1035.1736,84.58
2017-12-01,16:25:00,2017-12-01 16:25,69.22,171.26,177.24,1035.43,84.4601
2017-12-01,16:30:00,2017-12-01 16:30,69.3,171.46,177.27,1033.98,84.45
2017-12-01,16:35:00,2017-12-01 16:35,69.17,171.15,177.0768,1032.01,84.33
2017-12-01,16:40:00,2017-12-01 16:40,69.06,170.92,176.69,1031.91,84.24
2017-12-01,16:45:00,2017-12-01 16:45,69,171.05,176.8468,1032.06,84.23
2017-12-01,16:50:00,2017-12-01 16:50,69.05,171.34,176.92,1032.39,84.3101
2017-12-01,16:55:00,2017-12-01 16:55,68.92,171.26,176.98,1032.395,84.43
2017-12-01,17:00:00,2017-12-01 17:00,68.965,170.96,177.03,1031.9998,84.39
2017-12-01,17:05:00,2017-12-01 17:05,68.91,171.3575,177,1032.3,84.51
2017-12-01,17:10:00,2017-12-01 17:10,68.63,170.69,176.86,1029.44,84.55
2017-12-01,17:15:00,2017-12-01 17:15,68.01,170.03,176.265,1026.79,84.19
2017-12-01,17:20:00,2017-12-01 17:20,67.97,170.085,175.55,1024.51,84.01
2017-12-01,17:25:00,2017-12-01 17:25,67.75,169.53,174.85,1021.32,83.8
2017-12-01,17:30:00,2017-12-01 17:30,67.45,169.41,174.4942,1020.8,83.64
2017-12-01,17:35:00,2017-12-01 17:35,67.58,169.51,173.7075,1020.97,83.75
2017-12-01,17:40:00,2017-12-01 17:40,67.65,169.944,174.4,1024.01,83.96
2017-12-01,17:45:00,2017-12-01 17:45,67.63,169.69,174.8448,1021.97,84.07
2017-12-01,17:50:00,2017-12-01 17:50,67.5578,169.2675,174.265,1020.15,83.8
2017-12-01,17:55:00,2017-12-01 17:55,67.8,169.96,174.37,1019.84,83.91
2017-12-01,18:00:00,2017-12-01 18:00,68.08,169.8575,174.77,1024.11,83.93
2017-12-01,18:05:00,2017-12-01 18:05,68.34,170.0905,174.6295,1024.02,83.77
2017-12-01,18:10:00,2017-12-01 18:10,68.1103,170.51,175.0408,1024.9,83.77
2017-12-01,18:15:00,2017-12-01 18:15,68.0332,170.19,174.6957,1023.03,83.62
2017-12-01,18:20:00,2017-12-01 18:20,67.95,169.97,174.61,1022.99,83.49
2017-12-01,18:25:00,2017-12-01 18:25,68.03,169.97,174.77,1023.07,83.52
2017-12-01,18:30:00,2017-12-01 18:30,68.04,169.97,174.825,1023.51,83.49
2017-12-01,18:35:00,2017-12-01 18:35,67.93,169.65,174.636,1022.39,83.42
2017-12-01,18:40:00,2017-12-01 18:40,68.04,169.61,174.36,1022.25,83.35
2017-12-01,18:45:00,2017-12-01 18:45,68.28,170.03,174.948,1023.321,83.69
2017-12-01,18:50:00,2017-12-01 18:50,68.2,170.48,175.2995,1026.5,83.8
2017-12-01,18:55:00,2017-12-01 18:55,68.275,170.23,175.09,1026.69,83.84
2017-12-01,19:00:00,2017-12-01 19:00,68.5,170.24,175.3165,1027,83.87
2017-12-01,19:05:00,2017-12-01 19:05,68.38,170.45,175.27,1025.71,83.9
2017-12-01,19:10:00,2017-12-01 19:10,68.32,170.1801,174.96,1023.84,83.835
2017-12-01,19:15:00,2017-12-01 19:15,68.425,170.43,175.2,1023.99,83.9
2017-12-01,19:20:00,2017-12-01 19:20,68.44,170.49,175.12,1022.8613,83.83
2017-12-01,19:25:00,2017-12-01 19:25,68.49,170.46,175.15,1023.29,83.86
2017-12-01,19:30:00,2017-12-01 19:30,68.395,170.485,175.24,1023.81,83.75
2017-12-01,19:35:00,2017-12-01 19:35,68.49,170.77,175.58,1025.25,83.8
2017-12-01,19:40:00,2017-12-01 19:40,68.56,170.77,175.5916,1026.23,83.88
2017-12-01,19:45:00,2017-12-01 19:45,68.45,170.49,175.58,1024.86,83.8546
2017-12-01,19:50:00,2017-12-01 19:50,68.415,170.44,175.38,1024.37,83.89
2017-12-01,19:55:00,2017-12-01 19:55,68.42,170.37,175.4437,1023.15,83.8888
2017-12-01,20:00:00,2017-12-01 20:00,68.41,170.46,175.28,1023.44,83.94
2017-12-01,20:05:00,2017-12-01 20:05,68.45,170.66,175.5099,1023.35,83.97
2017-12-01,20:10:00,2017-12-01 20:10,68.41,170.56,175.375,1022.33,83.9155
2017-12-01,20:15:00,2017-12-01 20:15,68.42,170.76,175.4199,1022.21,83.96
2017-12-01,20:20:00,2017-12-01 20:20,68.39,170.885,175.44,1022.28,84.01
2017-12-01,20:25:00,2017-12-01 20:25,68.49,170.81,175.65,1022.35,84.03
2017-12-01,20:30:00,2017-12-01 20:30,68.58,170.98,175.79,1022.62,84.085
2017-12-01,20:35:00,2017-12-01 20:35,68.45,170.815,175.87,1022.95,84.0801
2017-12-01,20:40:00,2017-12-01 20:40,68.43,170.8,175.75,1022.77,84.03
2017-12-01,20:45:00,2017-12-01 20:45,68.37,170.6,175.52,1021.22,83.96
2017-12-01,20:50:00,2017-12-01 20:50,68.3668,170.37,175.24,1020.24,83.89
2017-12-01,20:55:00,2017-12-01 20:55,68.375,170.39,175.24,1020.79,83.93
2017-12-01,21:00:00,2017-12-01 21:00,68.49,170.557,175.22,1021.4076,83.935
2017-12-01,21:05:00,2017-12-01 21:05,68.5,170.57,175.1232,1020.79,83.9399
2017-12-01,21:10:00,2017-12-01 21:10,68.51,170.7392,175.29,1022.0595,83.98
2017-12-01,21:15:00,2017-12-01 21:15,68.47,170.64,175.08,1021.69,83.95
2017-12-01,21:20:00,2017-12-01 21:20,68.515,170.77,175.215,1023.41,83.975
2017-12-01,21:25:00,2017-12-01 21:25,68.53,170.82,175.16,1023.17,84.025
2017-12-01,21:30:00,2017-12-01 21:30,68.515,170.79,175.06,1023.035,84.055
2017-12-01,21:35:00,2017-12-01 21:35,68.56,170.92,175.14,1022.98,84.17
2017-12-01,21:40:00,2017-12-01 21:40,68.655,170.905,175.16,1023.02,84.19
2017-12-01,21:45:00,2017-12-01 21:45,68.69,171.145,175.3315,1023.99,84.27
2017-12-01,21:50:00,2017-12-01 21:50,68.44,170.95,175.12,1024.08,84.2
2017-12-01,21:55:00,2017-12-01 21:55,68.57,171.09,175.14,1024.755,84.255
2017-12-01,22:00:00,2017-12-01 22:00,68.69,171.05,175.1,1025.07,84.26
2017-12-04,15:35:00,2017-12-04 15:35,68.81,172.06,175.77,1023.36,83.69
2017-12-04,15:40:00,2017-12-04 15:40,68.64,172.4804,175.86,1028.2418,84.05
2017-12-04,15:45:00,2017-12-04 15:45,68.4,172.49,176.33,1028.54,83.85
2017-12-04,15:50:00,2017-12-04 15:50,68.09,172.04,176.0955,1029.18,83.66
2017-12-04,15:55:00,2017-12-04 15:55,67.95,172.1601,176.09,1029.89,83.45
2017-12-04,16:00:00,2017-12-04 16:00,67.93,171.63,175.59,1025.56,83.49
2017-12-04,16:05:00,2017-12-04 16:05,67.85,171.2099,175.08,1023.69,83.31
2017-12-04,16:10:00,2017-12-04 16:10,67.59,170.7286,174.2,1021.0601,83.05
2017-12-04,16:15:00,2017-12-04 16:15,67.44,171.24,173.3918,1020.65,82.9
2017-12-04,16:20:00,2017-12-04 16:20,67.5076,171.0001,173.3,1018.075,82.75
2017-12-04,16:25:00,2017-12-04 16:25,67.47,171.52,173.53,1020.11,83.09
2017-12-04,16:30:00,2017-12-04 16:30,67.44,171.77,173.46,1020.57,83.07
2017-12-04,16:35:00,2017-12-04 16:35,67.47,171.42,173.1175,1018.43,82.995
2017-12-04,16:40:00,2017-12-04 16:40,67.68,171.87,173.6522,1019.2401,83.18
2017-12-04,16:45:00,2017-12-04 16:45,67.64,171.4,173.2,1017.75,82.98
2017-12-04,16:50:00,2017-12-04 16:50,67.41,170.95,172.36,1014.7368,82.71
2017-12-04,16:55:00,2017-12-04 16:55,67.32,170.7095,171.9199,1012.81,82.69
2017-12-04,17:00:00,2017-12-04 17:00,67.26,170.51,171.5,1012.2134,82.47
2017-12-04,17:05:00,2017-12-04 17:05,67.16,170.38,170.85,1012.5081,82.36
2017-12-04,17:10:00,2017-12-04 17:10,66.96,170.34,171.31,1013.0283,82.421
2017-12-04,17:15:00,2017-12-04 17:15,66.9,170.6879,171.1872,1013.53,82.42
2017-12-04,17:20:00,2017-12-04 17:20,66.98,171.02,171.8,1014.5548,82.39
2017-12-04,17:25:00,2017-12-04 17:25,67.055,171.23,171.9395,1018.5,82.39
2017-12-04,17:30:00,2017-12-04 17:30,66.94,171.14,171.73,1017.01,82.45
2017-12-04,17:35:00,2017-12-04 17:35,66.84,171,171.75,1016.5276,82.325
2017-12-04,17:40:00,2017-12-04 17:40,66.845,171.52,171.845,1015.5531,82.285
2017-12-04,17:45:00,2017-12-04 17:45,66.74,171.38,171.719,1014,82.105
2017-12-04,17:50:00,2017-12-04 17:50,66.67,171.3,171.45,1013.24,81.9198
2017-12-04,17:55:00,2017-12-04 17:55,66.93,171.29,171.42,1012.57,81.77
2017-12-04,18:00:00,2017-12-04 18:00,66.96,171.49,171.79,1014.54,81.87
2017-12-04,18:05:00,2017-12-04 18:05,67.09,171.52,172.09,1015.97,82.025
2017-12-04,18:10:00,2017-12-04 18:10,67.23,171.49,172.4,1015.62,82.05
2017-12-04,18:15:00,2017-12-04 18:15,67.295,172.112,172.52,1018.5,82.14
2017-12-04,18:20:00,2017-12-04 18:20,67.295,171.76,172.53,1014.885,82.06
2017-12-04,18:25:00,2017-12-04 18:25,67.18,171.295,172.46,1014.44,81.96
2017-12-04,18:30:00,2017-12-04 18:30,67.01,171.35,172.72,1015.16,81.9545
2017-12-04,18:35:00,2017-12-04 18:35,67.09,171.2768,173.17,1015.83,81.865
2017-12-04,18:40:00,2017-12-04 18:40,66.94,171.19,173.13,1016.395,81.95
2017-12-04,18:45:00,2017-12-04 18:45,66.96,171.23,173.3984,1017.9,82.0598
2017-12-04,18:50:00,2017-12-04 18:50,66.9,171.4449,173.825,1018.57,82.12
2017-12-04,18:55:00,2017-12-04 18:55,66.91,171.42,174.22,1019.82,82.19
2017-12-04,19:00:00,2017-12-04 19:00,67.01,171.48,174.39,1020.26,82.2358
2017-12-04,19:05:00,2017-12-04 19:05,67.095,171.64,174.79,1022.2197,82.265
2017-12-04,19:10:00,2017-12-04 19:10,67.08,171.47,174.65,1022.03,82.21
2017-12-04,19:15:00,2017-12-04 19:15,67.15,171.6199,174.8975,1022.49,82.175
2017-12-04,19:20:00,2017-12-04 19:20,67.14,171.4098,174.56,1021.85,82.115
2017-12-04,19:25:00,2017-12-04 19:25,67.15,171.36,174.65,1022.09,82.14
2017-12-04,19:30:00,2017-12-04 19:30,67.02,171.25,174.37,1021.46,82.07
2017-12-04,19:35:00,2017-12-04 19:35,66.94,171.2152,174.28,1021.56,82.1055
2017-12-04,19:40:00,2017-12-04 19:40,66.99,171.2727,174.225,1021.35,82.15
2017-12-04,19:45:00,2017-12-04 19:45,66.96,171.37,174.2668,1021.95,82.16
2017-12-04,19:50:00,2017-12-04 19:50,66.83,171.2201,173.91,1021.79,82.175
2017-12-04,19:55:00,2017-12-04 19:55,66.871,171.33,174.02,1020.875,82.22
2017-12-04,20:00:00,2017-12-04 20:00,66.815,171.48,174.17,1023.58,82.23
2017-12-04,20:05:00,2017-12-04 20:05,66.78,171.32,173.997,1022.7,82.1783
2017-12-04,20:10:00,2017-12-04 20:10,66.69,171.1851,173.88,1021.43,81.985
2017-12-04,20:15:00,2017-12-04 20:15,66.72,171.13,173.85,1020.24,81.945
2017-12-04,20:20:00,2017-12-04 20:20,66.7,170.8101,173.43,1019.6,81.81
2017-12-04,20:25:00,2017-12-04 20:25,66.55,170.84,173.3,1018.26,81.76
2017-12-04,20:30:00,2017-12-04 20:30,66.56,170.53,173.0844,1018.335,81.63
2017-12-04,20:35:00,2017-12-04 20:35,66.46,170.545,172.865,1016.19,81.52
2017-12-04,20:40:00,2017-12-04 20:40,66.47,170.86,172.9401,1016.05,81.43
2017-12-04,20:45:00,2017-12-04 20:45,66.45,170.758,172.8,1014.9968,81.27
2017-12-04,20:50:00,2017-12-04 20:50,66.38,170.81,172.72,1014.2,81.19
2017-12-04,20:55:00,2017-12-04 20:55,66.4,170.87,172.74,1014.565,81.18
2017-12-04,21:00:00,2017-12-04 21:00,66.33,170.9,172.6,1013.41,81.005
2017-12-04,21:05:00,2017-12-04 21:05,66.33,170.83,172.23,1013.28,80.91
2017-12-04,21:10:00,2017-12-04 21:10,66.38,170.92,172.5401,1015.2,80.98
2017-12-04,21:15:00,2017-12-04 21:15,66.28,170.72,172.27,1014.95,80.92
2017-12-04,21:20:00,2017-12-04 21:20,66.265,170.62,172.0408,1013.2067,80.8069
2017-12-04,21:25:00,2017-12-04 21:25,66.34,170.79,172.36,1014.8,81.036
2017-12-04,21:30:00,2017-12-04 21:30,66.31,170.65,172.0501,1014.6,81.02
2017-12-04,21:35:00,2017-12-04 21:35,66.28,170.39,171.81,1013.085,81.1
2017-12-04,21:40:00,2017-12-04 21:40,66.36,170,171.66,1010.82,80.815
2017-12-04,21:45:00,2017-12-04 21:45,66.52,170.2,171.66,1010.22,80.79
2017-12-04,21:50:00,2017-12-04 21:50,66.38,170.0554,171.2,1009.87,80.81
2017-12-04,21:55:00,2017-12-04 21:55,66.34,169.95,171.405,1012.767,81.035
2017-12-04,22:00:00,2017-12-04 22:00,66.24,169.8,171.47,1011.87,81.08
2017-12-05,15:35:00,2017-12-05 15:35,66.49,169.36,171.2613,1013.8319,81.28
2017-12-05,15:40:00,2017-12-05 15:40,66.69,169.79,171.95,1020.66,81.38
2017-12-05,15:45:00,2017-12-05 15:45,66.7089,169.62,172.31,1021.57,81.51
2017-12-05,15:50:00,2017-12-05 15:50,66.62,169.84,172.76,1021.31,81.84
2017-12-05,15:55:00,2017-12-05 15:55,66.3605,169.5,172.7412,1020.3,81.82
2017-12-05,16:00:00,2017-12-05 16:00,66.57,170.02,173.435,1023.5456,82.04
2017-12-05,16:05:00,2017-12-05 16:05,66.8,170.25,173.7,1027.88,82.18
2017-12-05,16:10:00,2017-12-05 16:10,66.82,170.0834,173.34,1027.55,81.93
2017-12-05,16:15:00,2017-12-05 16:15,66.89,170.11,173.11,1024.153,81.69
2017-12-05,16:20:00,2017-12-05 16:20,66.83,170.18,173.56,1027.21,81.94
2017-12-05,16:25:00,2017-12-05 16:25,66.71,170.32,173.73,1028.585,81.81
2017-12-05,16:30:00,2017-12-05 16:30,66.63,170.37,174.08,1027.3,81.98
2017-12-05,16:35:00,2017-12-05 16:35,66.62,170.57,174.1524,1029.99,82.12
2017-12-05,16:40:00,2017-12-05 16:40,66.57,170.55,174.525,1029.96,82.0356
2017-12-05,16:45:00,2017-12-05 16:45,66.54,170.87,174.7,1029.6805,82.085
2017-12-05,16:50:00,2017-12-05 16:50,66.54,171.3,174.66,1029.37,82.115
2017-12-05,16:55:00,2017-12-05 16:55,66.5,170.74,174.575,1030.19,82.03
2017-12-05,17:00:00,2017-12-05 17:00,66.55,170.8842,174.8408,1030.33,82.145
2017-12-05,17:05:00,2017-12-05 17:05,66.66,171.06,174.81,1030.92,82.255
2017-12-05,17:10:00,2017-12-05 17:10,66.77,171.0455,174.99,1031.1303,82.3385
2017-12-05,17:15:00,2017-12-05 17:15,66.75,171.19,175.365,1034.6425,82.4841
2017-12-05,17:20:00,2017-12-05 17:20,66.73,171.3,175.1,1035.79,82.5398
2017-12-05,17:25:00,2017-12-05 17:25,66.66,171.42,174.875,1034.9,82.56
2017-12-05,17:30:00,2017-12-05 17:30,66.63,171.26,174.88,1034.71,82.54
2017-12-05,17:35:00,2017-12-05 17:35,66.5293,171.15,174.59,1032.865,82.57
2017-12-05,17:40:00,2017-12-05 17:40,66.48,171.01,174.33,1031.14,82.355
2017-12-05,17:45:00,2017-12-05 17:45,66.45,171.08,174.32,1030.69,82.39
2017-12-05,17:50:00,2017-12-05 17:50,66.38,171.105,174.3,1031.305,82.35
2017-12-05,17:55:00,2017-12-05 17:55,66.34,171.12,173.86,1031.705,82.23
2017-12-05,18:00:00,2017-12-05 18:00,66.29,170.8628,173.8716,1028.07,82.1373
2017-12-05,18:05:00,2017-12-05 18:05,66.23,170.74,173.86,1027.09,82.08
2017-12-05,18:10:00,2017-12-05 18:10,66.31,170.74,173.81,1026.2018,82.1281
2017-12-05,18:15:00,2017-12-05 18:15,66.355,170.89,173.875,1026.93,82.209
2017-12-05,18:20:00,2017-12-05 18:20,66.385,170.905,173.7465,1026.925,82.23
2017-12-05,18:25:00,2017-12-05 18:25,66.28,170.67,173.5,1026.45,82.135
2017-12-05,18:30:00,2017-12-05 18:30,66.33,170.71,173.85,1028.39,82.18
2017-12-05,18:35:00,2017-12-05 18:35,66.4188,170.85,174.16,1028.925,82.28
2017-12-05,18:40:00,2017-12-05 18:40,66.29,170.86,174.21,1028.05,82.23
2017-12-05,18:45:00,2017-12-05 18:45,66.3,170.8899,174.365,1028.185,82.2659
2017-12-05,18:50:00,2017-12-05 18:50,66.23,170.84,174.3394,1027.49,82.23
2017-12-05,18:55:00,2017-12-05 18:55,66.25,170.8,173.9614,1025.61,82.2
2017-12-05,19:00:00,2017-12-05 19:00,66.19,170.41,173.6,1023.98,82
2017-12-05,19:05:00,2017-12-05 19:05,66.26,170.47,173.36,1023.63,81.93
2017-12-05,19:10:00,2017-12-05 19:10,66.19,170.33,173.142,1023.47,81.79
2017-12-05,19:15:00,2017-12-05 19:15,66.23,170.58,173.39,1023.72,81.905
2017-12-05,19:20:00,2017-12-05 19:20,66.29,170.74,173.52,1024.61,82
2017-12-05,19:25:00,2017-12-05 19:25,66.275,170.98,173.67,1026.07,82.08
2017-12-05,19:30:00,2017-12-05 19:30,66.17,170.94,173.8148,1025.14,82.09
2017-12-05,19:35:00,2017-12-05 19:35,66.14,170.905,173.68,1025.36,82.0289
2017-12-05,19:40:00,2017-12-05 19:40,66.17,171.0442,173.7475,1024.95,82.17
2017-12-05,19:45:00,2017-12-05 19:45,66.12,171.0088,173.505,1024.3348,82.16
2017-12-05,19:50:00,2017-12-05 19:50,66.115,171,173.56,1024.4,82.12
2017-12-05,19:55:00,2017-12-05 19:55,66.09,170.92,173.44,1024.02,82.13
2017-12-05,20:00:00,2017-12-05 20:00,66.06,170.9125,173.47,1024.3,82.14
2017-12-05,20:05:00,2017-12-05 20:05,66.02,170.81,173.2596,1024.68,82.025
2017-12-05,20:10:00,2017-12-05 20:10,66.17,170.79,173.43,1025.95,82.09
2017-12-05,20:15:00,2017-12-05 20:15,66.05,170.42,173.3,1024.6213,82.024
2017-12-05,20:20:00,2017-12-05 20:20,66.095,170.35,173.15,1023.57,81.98
2017-12-05,20:25:00,2017-12-05 20:25,66.1,170.08,173.05,1021.7001,81.96
2017-12-05,20:30:00,2017-12-05 20:30,66.1,170.2021,173,1022.3121,81.91
2017-12-05,20:35:00,2017-12-05 20:35,66.02,170.0182,173.02,1021.25,81.8989
2017-12-05,20:40:00,2017-12-05 20:40,65.99,169.76,172.935,1020.46,81.8
2017-12-05,20:45:00,2017-12-05 20:45,66.01,169.89,173.13,1020.915,81.88
2017-12-05,20:50:00,2017-12-05 20:50,65.95,169.85,172.84,1019.9092,81.7858
2017-12-05,20:55:00,2017-12-05 20:55,65.955,169.72,172.85,1019.121,81.74
2017-12-05,21:00:00,2017-12-05 21:00,65.945,169.7526,172.62,1018.33,81.7401
2017-12-05,21:05:00,2017-12-05 21:05,65.905,170.04,172.815,1019.77,81.85
2017-12-05,21:10:00,2017-12-05 21:10,65.85,170.0175,172.59,1020.5,81.855
2017-12-05,21:15:00,2017-12-05 21:15,65.87,170.22,172.79,1021.25,81.91
2017-12-05,21:20:00,2017-12-05 21:20,65.835,170.0306,172.41,1019.2388,81.79
2017-12-05,21:25:00,2017-12-05 21:25,65.85,170.12,172.5808,1021.02,81.93
2017-12-05,21:30:00,2017-12-05 21:30,65.88,170.1,172.84,1021.3,81.845
2017-12-05,21:35:00,2017-12-05 21:35,65.82,169.96,172.757,1021.46,81.74
2017-12-05,21:40:00,2017-12-05 21:40,65.795,170.03,172.77,1021.21,81.76
2017-12-05,21:45:00,2017-12-05 21:45,65.7911,170,172.95,1021.61,81.77
2017-12-05,21:50:00,2017-12-05 21:50,65.7921,169.85,172.62,1019.96,81.66
2017-12-05,21:55:00,2017-12-05 21:55,65.77,169.65,172.52,1019.37,81.625
2017-12-05,22:00:00,2017-12-05 22:00,65.83,169.64,172.83,1019.6,81.59
2017-12-06,15:35:00,2017-12-06 15:35,65.895,168.36,173.97,1027.2503,81.955
2017-12-06,15:40:00,2017-12-06 15:40,66.03,168.815,174.9784,1030.31,82.3837
2017-12-06,15:45:00,2017-12-06 15:45,66.03,168.68,175.37,1029.775,82.31
2017-12-06,15:50:00,2017-12-06 15:50,65.95,167.88,174.45,1026.88,82.23
2017-12-06,15:55:00,2017-12-06 15:55,66.03,168.7,174.8325,1028.46,82.22
2017-12-06,16:00:00,2017-12-06 16:00,66.08,169.13,174.67,1026.36,82.37
2017-12-06,16:05:00,2017-12-06 16:05,66.12,168.98,174.74,1029.38,82.49
2017-12-06,16:10:00,2017-12-06 16:10,66.08,169.0984,174.761,1029.33,82.59
2017-12-06,16:15:00,2017-12-06 16:15,65.985,168.62,174.54,1026.52,82.525
2017-12-06,16:20:00,2017-12-06 16:20,66,169.01,175.05,1027.62,82.54
2017-12-06,16:25:00,2017-12-06 16:25,66.01,168.995,175.09,1029.25,82.57
2017-12-06,16:30:00,2017-12-06 16:30,66,169.2919,175.2816,1030.075,82.55
2017-12-06,16:35:00,2017-12-06 16:35,65.8,168.9508,175.1168,1029.88,82.55
2017-12-06,16:40:00,2017-12-06 16:40,65.73,168.79,174.69,1027.8,82.37
2017-12-06,16:45:00,2017-12-06 16:45,65.78,169.0301,175.01,1029.18,82.54
2017-12-06,16:50:00,2017-12-06 16:50,65.885,169.18,175.5757,1030.82,82.69
2017-12-06,16:55:00,2017-12-06 16:55,65.85,169,175.3641,1029.0301,82.695
2017-12-06,17:00:00,2017-12-06 17:00,65.87,169.4801,175.74,1031.4812,82.935
2017-12-06,17:05:00,2017-12-06 17:05,65.95,169.375,175.49,1030.69,82.89
2017-12-06,17:10:00,2017-12-06 17:10,66,169.59,175.6699,1031.7581,82.9461
2017-12-06,17:15:00,2017-12-06 17:15,65.95,169.72,175.66,1031.105,82.965
2017-12-06,17:20:00,2017-12-06 17:20,65.82,169.8,175.6895,1031.2453,82.915
2017-12-06,17:25:00,2017-12-06 17:25,65.96,169.92,176.0284,1033.145,82.995
2017-12-06,17:30:00,2017-12-06 17:30,65.94,169.4684,175.55,1031.63,82.858
2017-12-06,17:35:00,2017-12-06 17:35,65.91,169.58,175.51,1030.82,82.7
2017-12-06,17:40:00,2017-12-06 17:40,65.86,169.77,175.47,1030.832,82.78
2017-12-06,17:45:00,2017-12-06 17:45,65.995,169.75,175.71,1030.65,82.83
2017-12-06,17:50:00,2017-12-06 17:50,65.875,169.798,175.6403,1032,82.8899
2017-12-06,17:55:00,2017-12-06 17:55,65.79,169.51,175.2242,1031.015,82.95
2017-12-06,18:00:00,2017-12-06 18:00,65.98,169.5701,175.5,1031.52,82.92
2017-12-06,18:05:00,2017-12-06 18:05,65.83,169.7,175.66,1031.9784,82.88
2017-12-06,18:10:00,2017-12-06 18:10,65.82,169.7,175.58,1031.92,82.9
2017-12-06,18:15:00,2017-12-06 18:15,65.79,169.77,175.76,1034.015,82.955
2017-12-06,18:20:00,2017-12-06 18:20,65.72,169.42,175.2701,1032.43,82.81
2017-12-06,18:25:00,2017-12-06 18:25,65.64,169.58,175.34,1032.4716,82.78
2017-12-06,18:30:00,2017-12-06 18:30,65.65,169.06,174.95,1031.375,82.62
2017-12-06,18:35:00,2017-12-06 18:35,65.7,169.13,174.7486,1031.4847,82.5439
2017-12-06,18:40:00,2017-12-06 18:40,65.76,169.17,174.74,1030.94,82.58
2017-12-06,18:45:00,2017-12-06 18:45,65.67,169.46,175.1918,1033.21,82.77
2017-12-06,18:50:00,2017-12-06 18:50,65.74,169.6,175.1793,1033.61,82.805
2017-12-06,18:55:00,2017-12-06 18:55,65.73,169.42,175.195,1032.43,82.815
2017-12-06,19:00:00,2017-12-06 19:00,65.67,169.24,175.08,1031.75,82.82
2017-12-06,19:05:00,2017-12-06 19:05,65.65,169.34,174.941,1031.845,82.77
2017-12-06,19:10:00,2017-12-06 19:10,65.7,169.14,174.81,1031.38,82.73
2017-12-06,19:15:00,2017-12-06 19:15,65.82,169.31,174.9,1031.9,82.78
2017-12-06,19:20:00,2017-12-06 19:20,65.79,169.36,174.91,1032.495,82.74
2017-12-06,19:25:00,2017-12-06 19:25,65.77,169.38,174.921,1032.52,82.74
2017-12-06,19:30:00,2017-12-06 19:30,65.7699,169.31,175.13,1032.59,82.75
2017-12-06,19:35:00,2017-12-06 19:35,65.84,169.5,175.57,1034.292,82.7564
2017-12-06,19:40:00,2017-12-06 19:40,65.8983,169.45,175.6043,1034.005,82.68
2017-12-06,19:45:00,2017-12-06 19:45,65.96,169.54,175.71,1033.9,82.779
2017-12-06,19:50:00,2017-12-06 19:50,65.93,169.51,175.66,1034.48,82.795
2017-12-06,19:55:00,2017-12-06 19:55,65.93,169.53,175.5995,1034.925,82.725
2017-12-06,20:00:00,2017-12-06 20:00,66,169.56,175.7,1035.1422,82.775
2017-12-06,20:05:00,2017-12-06 20:05,65.91,169.94,175.91,1036.03,82.95
2017-12-06,20:10:00,2017-12-06 20:10,65.94,169.69,175.8,1033.96,82.835
2017-12-06,20:15:00,2017-12-06 20:15,65.91,169.63,175.85,1034.69,82.75
2017-12-06,20:20:00,2017-12-06 20:20,65.93,169.709,175.9933,1035.56,82.75
2017-12-06,20:25:00,2017-12-06 20:25,65.92,169.57,176.03,1036.24,82.76
2017-12-06,20:30:00,2017-12-06 20:30,65.9,169.38,176.02,1036.65,82.81
2017-12-06,20:35:00,2017-12-06 20:35,65.98,169.39,175.885,1036.505,82.81
2017-12-06,20:40:00,2017-12-06 20:40,65.93,169.38,175.82,1037.12,82.7901
2017-12-06,20:45:00,2017-12-06 20:45,65.96,169.34,175.94,1038.3989,82.785
2017-12-06,20:50:00,2017-12-06 20:50,65.85,169.31,175.9117,1037.72,82.735
2017-12-06,20:55:00,2017-12-06 20:55,65.79,169.34,176.07,1037.85,82.71
2017-12-06,21:00:00,2017-12-06 21:00,65.81,169.32,176.18,1037.98,82.81
2017-12-06,21:05:00,2017-12-06 21:05,65.78,169.26,176.38,1038.08,82.82
2017-12-06,21:10:00,2017-12-06 21:10,65.85,169.33,176.41,1038.6145,82.86
2017-12-06,21:15:00,2017-12-06 21:15,65.85,169.35,176.71,1038.99,82.845
2017-12-06,21:20:00,2017-12-06 21:20,65.85,169.08,176.5348,1038.57,82.8
2017-12-06,21:25:00,2017-12-06 21:25,65.85,169.022,176.25,1037,82.755
2017-12-06,21:30:00,2017-12-06 21:30,65.8301,169.08,176.28,1036.46,82.72
2017-12-06,21:35:00,2017-12-06 21:35,65.82,169.0501,176.1001,1034.4,82.705
2017-12-06,21:40:00,2017-12-06 21:40,65.95,168.95,176.11,1033.78,82.71
2017-12-06,21:45:00,2017-12-06 21:45,65.98,169.03,176.21,1034.605,82.705
2017-12-06,21:50:00,2017-12-06 21:50,65.97,168.92,176.23,1034.02,82.73
2017-12-06,21:55:00,2017-12-06 21:55,65.96,169.0251,176.25,1033.55,82.765
2017-12-06,22:00:00,2017-12-06 22:00,65.89,169.05,176.08,1032.72,82.78